Label,TRACK_ID,NUMBER_SPOTS,NUMBER_GAPS,LONGEST_GAP,NUMBER_SPLITS,NUMBER_MERGES,NUMBER_COMPLEX,TRACK_DURATION,TRACK_START,TRACK_STOP,TRACK_DISPLACEMENT,TRACK_INDEX,TRACK_X_LOCATION,TRACK_Y_LOCATION,TRACK_Z_LOCATION,TRACK_MEAN_SPEED,TRACK_MAX_SPEED,TRACK_MIN_SPEED,TRACK_MEDIAN_SPEED,TRACK_STD_SPEED,TRACK_MEAN_QUALITY,TRACK_MAX_QUALITY,TRACK_MIN_QUALITY,TRACK_MEDIAN_QUALITY,TRACK_STD_QUALITY
Track_0,0,6,0,0,0,0,0,0.500,0.000,0.500,0.156,0,0.972,1.792,0,0.925,1.354,0.437,0.917,0.383,1871.017,2315.664,1540.617,1903.227,243.553
Track_1,1,7,0,0,0,0,0,0.600,0.000,0.600,0.054,1,27.305,47.969,0,1.079,2.163,0.651,0.900,0.566,2042.322,2872.583,1637.410,1809.781,458.286
Track_2,2,4,0,0,0,0,0,0.300,0.100,0.400,0.266,2,39.154,47.108,0,1.015,1.817,0.597,0.629,0.695,1928.856,2252.316,1525.839,2063.052,268.348
Track_3,3,4,0,0,0,0,0,0.300,0.100,0.400,0.152,3,22.129,48.347,0,0.641,0.957,0.435,0.529,0.278,2000.758,2354.505,1788.489,2013.605,220.327
Track_4,4,3,0,0,0,0,0,0.200,0.000,0.200,0.057,4,6.026,48.089,0,1.157,1.287,1.027,1.287,0.184,2330.907,3006.634,1988.065,1998.023,477.828
Track_5,5,3,0,0,0,0,0,0.200,0.000,0.200,0.084,5,13.309,42.591,0,0.956,1.232,0.680,1.232,0.390,2146.589,2388.843,1959.915,2091.011,179.465
Track_6,6,3,0,0,0,0,0,0.200,0.000,0.200,0.090,6,14.503,45.482,0,0.516,0.747,0.285,0.747,0.327,2079.145,2164.895,2014.567,2057.973,63.171
Track_7,7,3,0,0,0,0,0,0.200,0.100,0.300,0.182,7,50.432,42.921,0,1.313,2.160,0.466,2.160,1.198,1901.088,2069.537,1815.463,1818.265,119.116
Track_8,8,9,0,0,0,0,0,0.800,0.000,0.800,0.135,8,38.830,39.284,0,1.000,1.698,0.230,1.261,0.558,1926.988,2278.822,1558.458,1921.298,229.174
Track_9,9,16,0,0,0,0,0,1.500,0.000,1.500,0.062,9,26.997,37.972,0,0.647,1.287,0.215,0.571,0.293,2265.720,2971.849,1544.281,2379.574,382.582
Track_10,10,8,0,0,0,0,0,0.700,0.000,0.700,0.057,10,11.801,40.088,0,0.596,1.223,0.323,0.378,0.342,2207.804,2921.824,1836.081,2199.988,329.533
Track_11,11,6,0,0,0,0,0,0.500,0.000,0.500,0.013,11,17.019,39.895,0,0.810,1.708,0.062,0.780,0.695,2450.666,3108.325,1688.813,2588.646,448.927
Track_12,12,34,0,0,0,0,0,3.300,0.000,3.300,0.169,12,10.144,34.836,0,1.149,2.112,0.197,0.996,0.467,2229.096,3321.883,1593.190,2211.057,423.842
Track_13,13,16,0,0,0,0,0,1.500,0.000,1.500,0.169,13,0.529,34.990,0,0.802,1.376,0.192,0.979,0.427,2197.681,3110.619,1522.114,2175.937,424.030
Track_14,14,3,0,0,0,0,0,0.200,0.100,0.300,0.144,14,44.252,37.659,0,0.889,1.285,0.493,1.285,0.560,1883.388,2321.626,1656.157,1672.380,309.952
Track_15,15,4,0,0,0,0,0,0.300,0.100,0.400,0.098,15,18.190,35.621,0,0.568,0.698,0.350,0.655,0.190,2006.814,2206.870,1690.282,2148.814,200.643
Track_16,16,10,0,0,0,0,0,0.900,0.000,0.900,0.108,16,12.245,28.355,0,1.658,2.860,1.035,1.161,0.789,2333.880,2861.598,1755.063,2539.526,395.655
Track_17,17,3,0,0,0,0,0,0.200,0.000,0.200,0.096,17,15.076,32.586,0,0.555,0.779,0.330,0.779,0.317,2512.278,2673.251,2200.086,2663.496,220.789
Track_18,18,9,0,0,0,0,0,0.800,0.000,0.800,0.094,18,24.109,26.107,0,0.853,1.935,0.252,0.809,0.571,2257.822,2518.306,1924.617,2334.103,218.968
Track_19,19,8,0,0,0,0,0,0.700,0.100,0.800,0.101,19,16.593,27.557,0,0.633,1.294,0.168,0.525,0.426,2530.202,3820.542,2065.150,2434.742,520.518
Track_20,20,6,0,0,0,0,0,0.500,0.000,0.500,0.065,20,21.759,23.969,0,0.639,1.107,0.235,0.693,0.344,2135.699,2571.201,1531.614,2560.849,441.196
Track_21,21,31,0,0,0,0,0,3.000,0.000,3.000,0.296,21,14.041,23.828,0,0.786,2.091,0.092,0.695,0.453,2181.607,3180.887,1548.222,2080.702,390.073
Track_22,22,8,0,0,0,0,0,0.700,0.100,0.800,0.099,22,23.604,20.109,0,0.775,1.280,0.281,0.708,0.313,2701.491,3612.523,2078.717,2426.224,550.897
Track_23,23,7,0,0,0,0,0,0.600,0.000,0.600,0.041,23,45.601,19.859,0,0.967,1.279,0.575,1.042,0.271,2135.938,2963.589,1645.780,2065.792,421.915
Track_24,24,8,0,0,0,0,0,0.700,0.000,0.700,0.053,24,15.018,22.821,0,1.102,1.403,0.733,1.138,0.202,2177.060,2511.885,1842.200,2210.943,272.298
Track_25,25,8,0,0,0,0,0,0.700,0.000,0.700,0.068,25,33.619,20.711,0,0.802,1.292,0.426,0.883,0.326,2221.416,2725.143,1709.283,2189.356,358.948
Track_26,26,9,0,0,0,0,0,0.800,0.100,0.900,0.223,26,23.806,18.511,0,0.784,2.237,0.180,0.670,0.620,2350.035,2985.610,1699.548,2332.576,409.288
Track_27,27,6,0,0,0,0,0,0.500,0.000,0.500,0.065,27,4.910,16.128,0,1.061,1.260,0.576,1.241,0.297,1916.866,2282.325,1621.487,1846.324,250.413
Track_28,28,15,0,0,0,0,0,1.400,0.000,1.400,0.096,28,7.868,19.908,0,0.767,1.373,0.125,0.926,0.450,2522.860,3728.973,1885.190,2302.102,544.143
Track_29,29,4,0,0,0,0,0,0.300,0.000,0.300,0.137,29,49.677,15.171,0,1.092,1.524,0.593,1.160,0.469,2108.143,2544.059,1669.147,2198.405,315.630
Track_30,30,6,0,0,0,0,0,0.500,0.000,0.500,0.050,30,6.592,14.947,0,1.057,1.684,0.191,1.059,0.566,2148.152,2678.986,1511.450,2322.192,463.870
Track_31,31,16,0,0,0,0,0,1.500,0.000,1.500,0.027,31,38.170,10.799,0,0.596,0.986,0.350,0.488,0.220,3704.671,4805.636,2259.006,3650.653,660.948
Track_32,32,4,0,0,0,0,0,0.300,0.000,0.300,0.144,32,31.249,10.637,0,0.602,0.758,0.442,0.606,0.158,2300.531,2699.858,1950.745,2406.792,281.682
Track_33,33,3,0,0,0,0,0,0.200,0.000,0.200,0.074,33,48.250,11.449,0,0.712,0.997,0.427,0.997,0.403,1892.655,2167.085,1588.653,1922.226,237.068
Track_34,34,11,0,0,0,0,0,1.000,0.000,1.000,0.121,34,6.243,10.898,0,0.747,1.470,0.215,0.645,0.386,2496.465,3136.814,1552.337,2447.943,474.714
Track_35,35,9,0,0,0,0,0,0.800,0.000,0.800,0.193,35,22.793,6.905,0,0.711,1.123,0.248,0.743,0.269,2579.476,3268.347,1509.802,2693.772,513.991
Track_36,36,23,0,0,0,0,0,2.200,0.000,2.200,0.119,36,38.636,6.291,0,0.747,1.685,0.147,0.750,0.380,2336.746,3075.832,1594.850,2208.148,353.236
Track_37,37,2,0,0,0,0,0,0.100,0.100,0.200,0.036,37,10.145,9.140,0,0.360,0.360,0.360,0.360,NaN,2139.684,2334.266,1945.102,2334.266,194.582
Track_38,38,15,0,0,0,0,0,1.400,0.000,1.400,0.090,38,42.120,7.839,0,0.940,1.905,0.217,1.007,0.477,2734.769,3757.192,2091.688,2651.602,435.252
Track_39,39,9,0,0,0,0,0,0.800,0.000,0.800,0.048,39,16.784,4.946,0,0.821,1.264,0.219,0.803,0.332,2653.263,3458.475,2338.777,2439.858,405.924
Track_40,40,7,0,0,0,0,0,0.600,0.000,0.600,0.361,40,25.596,5.650,0,1.242,2.044,0.454,1.154,0.633,2584.846,3042.316,2041.437,2699.210,385.616
Track_41,41,26,0,0,0,0,0,2.500,0.000,2.500,0.044,41,5.569,5.060,0,0.815,1.784,0.122,0.715,0.474,2592.302,3674.761,1586.611,2645.794,484.668
Track_42,42,21,0,0,0,0,0,2.000,0.000,2.000,0.178,42,5.065,3.026,0,0.708,1.581,0.150,0.664,0.367,2583.664,3311.855,1767.844,2478.720,438.271
Track_43,43,12,0,0,0,0,0,1.100,0.000,1.100,0.099,43,15.798,2.351,0,1.345,2.980,0.605,1.208,0.775,2365.248,3080.640,1780.053,2255.309,413.618
Track_44,44,3,0,0,0,0,0,0.200,0.000,0.200,0.068,44,50.609,4.628,0,0.564,0.869,0.259,0.869,0.431,2356.719,2942.111,1798.979,2329.068,467.091
Track_45,45,14,0,0,0,0,0,1.300,0.000,1.300,0.109,45,18.494,4.384,0,0.786,1.205,0.286,0.805,0.257,2182.869,3022.219,1553.666,2072.480,375.710
Track_46,46,2,0,0,0,0,0,0.100,0.200,0.300,0.163,46,41.132,50.035,0,1.633,1.633,1.633,1.633,NaN,1772.425,1952.238,1592.612,1952.238,179.813
Track_47,47,6,0,0,0,0,0,0.500,0.200,0.700,0.034,47,47.964,42.879,0,1.046,2.166,0.228,0.600,0.836,2158.856,2313.903,1933.213,2190.039,113.680
Track_48,48,3,0,0,0,0,0,0.200,0.200,0.400,0.137,48,32.470,31.137,0,0.907,1.237,0.577,1.237,0.466,2019.028,2782.522,1605.954,1668.609,540.477
Track_49,49,12,0,0,0,0,0,1.100,0.200,1.300,0.103,49,11.576,25.884,0,1.198,2.287,0.321,1.112,0.652,2205.705,2801.937,1680.516,2190.558,295.890
Track_50,50,3,0,0,0,0,0,0.200,0.200,0.400,0.058,50,28.744,24.350,0,0.800,0.820,0.781,0.820,0.028,1739.023,1817.115,1633.077,1766.878,77.672
Track_51,51,3,0,0,0,0,0,0.200,0.200,0.400,0.017,51,37.678,21.381,0,1.784,1.833,1.736,1.833,0.069,1776.165,1982.814,1591.853,1753.829,160.389
Track_52,52,9,0,0,0,0,0,0.800,0.200,1.000,0.068,52,3.372,8.269,0,0.653,1.217,0.184,0.791,0.347,2356.565,2952.468,1671.950,2418.475,439.183
Track_53,53,32,0,0,0,0,0,3.100,0.300,3.400,0.048,53,15.140,16.014,0,0.864,1.545,0.104,0.896,0.454,2420.751,3542.937,1554.338,2412.490,432.161
Track_54,54,3,0,0,0,0,0,0.200,0.300,0.500,0.065,54,50.675,12.801,0,0.685,0.707,0.662,0.707,0.032,2100.307,2199.299,1937.138,2164.484,116.250
Track_55,55,9,0,0,0,0,0,0.800,0.300,1.100,0.111,55,10.203,11.710,0,1.214,2.406,0.375,1.046,0.678,2071.601,3102.502,1618.984,1971.026,431.581
Track_56,56,3,0,0,0,0,0,0.200,0.300,0.500,0.069,56,40.469,9.208,0,0.405,0.463,0.347,0.463,0.082,2397.187,2631.422,1960.569,2599.568,309.009
Track_57,57,14,0,0,0,0,0,1.300,0.300,1.600,0.038,57,17.955,1.249,0,0.841,2.011,0.324,0.823,0.475,2533.031,3338.402,1899.195,2649.449,443.788
Track_58,58,2,0,0,0,0,0,0.100,0.300,0.400,0.139,58,25.226,46.741,0,1.394,1.394,1.394,1.394,NaN,2194.498,2466.792,1922.204,2466.792,272.294
Track_59,59,11,0,0,0,0,0,1.000,0.300,1.300,0.067,59,21.003,48.088,0,1.007,1.866,0.181,0.936,0.580,2080.315,2571.994,1776.975,2063.801,252.619
Track_60,60,3,0,0,0,0,0,0.200,0.300,0.500,0.062,60,13.403,40.437,0,0.565,0.869,0.262,0.869,0.429,2443.931,2629.899,2292.958,2408.936,139.764
Track_61,61,5,0,0,0,0,0,0.400,0.300,0.700,0.117,61,21.938,27.485,0,0.757,0.905,0.665,0.735,0.103,1797.313,2284.283,1542.482,1660.624,266.251
Track_62,62,4,0,0,0,0,0,0.300,0.300,0.600,0.148,62,38.941,28.294,0,1.557,2.497,0.611,1.564,0.943,1705.458,2040.957,1535.833,1691.007,202.774
Track_63,63,3,0,0,0,0,0,0.200,0.300,0.500,0.074,63,47.163,26.475,0,0.963,1.102,0.824,1.102,0.197,1900.118,2237.573,1537.863,1924.919,286.193
Track_64,64,2,0,0,0,0,0,0.100,0.300,0.400,0.300,64,1.050,51.100,0,3.000,3.000,3.000,3.000,NaN,1518.594,1530.366,1506.821,1530.366,11.773
Track_65,65,4,0,0,0,0,0,0.300,0.400,0.700,0.036,65,14.859,8.330,0,0.775,0.845,0.727,0.754,0.062,2381.588,2534.843,2204.022,2462.215,127.170
Track_66,66,7,0,0,0,0,0,0.600,0.400,1.000,0.160,66,48.178,11.448,0,1.171,1.742,0.892,1.084,0.325,1885.416,2276.726,1536.243,1752.996,288.922
Track_67,67,12,0,0,0,0,0,1.100,0.400,1.500,0.159,67,0.732,42.451,0,1.252,1.902,0.700,1.283,0.375,1894.431,2585.219,1566.584,1854.128,260.955
Track_68,68,3,0,0,0,0,0,0.200,0.400,0.600,0.076,68,13.346,42.604,0,0.579,0.818,0.340,0.818,0.338,1854.308,2004.692,1740.391,1817.840,110.939
Track_69,69,5,0,0,0,0,0,0.400,0.500,0.900,0.073,69,49.693,15.201,0,0.724,1.208,0.471,0.708,0.339,2066.149,2466.876,1522.414,2032.960,342.575
Track_70,70,2,0,0,0,0,0,0.100,0.500,0.600,0.097,70,31.279,10.711,0,0.973,0.973,0.973,0.973,NaN,2492.543,2700.079,2285.007,2700.079,207.536
Track_71,71,5,0,0,0,0,0,0.400,0.500,0.900,0.090,71,20.460,9.734,0,0.853,1.134,0.478,0.948,0.276,2347.759,3148.027,1643.423,2291.674,601.276
Track_72,72,6,0,0,0,0,0,0.500,0.500,1.000,0.168,72,44.297,37.669,0,0.742,1.628,0.383,0.532,0.516,1880.761,2605.914,1552.262,1693.137,380.266
Track_73,73,2,0,0,0,0,0,0.100,0.000,0.100,0.109,73,13.329,40.442,0,1.091,1.091,1.091,1.091,NaN,1790.312,2004.593,1576.032,2004.593,214.280
Track_74,74,2,0,0,0,0,0,0.100,0.000,0.100,0.140,74,47.171,26.449,0,1.399,1.399,1.399,1.399,NaN,2624.082,2809.174,2438.990,2809.174,185.092
Track_75,75,2,0,0,0,0,0,0.100,0.000,0.100,0.104,75,38.996,28.161,0,1.041,1.041,1.041,1.041,NaN,1836.218,1926.890,1745.545,1926.890,90.673
Track_76,76,2,0,0,0,0,0,0.100,0.000,0.100,0.086,76,21.878,27.499,0,0.858,0.858,0.858,0.858,NaN,2013.682,2478.853,1548.510,2478.853,465.171
Track_77,77,2,0,0,0,0,0,0.100,0.000,0.100,0.080,77,1.581,25.545,0,0.799,0.799,0.799,0.799,NaN,3076.913,3778.667,2375.159,3778.667,701.754
Track_78,78,2,0,0,0,0,0,0.100,0.000,0.100,0.117,78,49.029,12.831,0,1.169,1.169,1.169,1.169,NaN,1893.391,2095.625,1691.158,2095.625,202.234
Track_79,79,2,0,0,0,0,0,0.100,0.000,0.100,0.077,79,10.226,11.664,0,0.773,0.773,0.773,0.773,NaN,2152.458,2337.353,1967.562,2337.353,184.895
Track_80,80,2,0,0,0,0,0,0.100,0.000,0.100,0.188,80,48.386,4.834,0,1.878,1.878,1.878,1.878,NaN,2000.998,2246.762,1755.233,2246.762,245.765
Track_81,81,2,0,0,0,0,0,0.100,0.000,0.100,0.141,81,17.965,1.225,0,1.413,1.413,1.413,1.413,NaN,1923.371,2086.371,1760.372,2086.371,162.999
Track_82,82,9,0,0,0,0,0,0.800,0.600,1.400,0.058,82,22.104,48.354,0,0.830,1.423,0.327,0.798,0.413,2196.369,2899.268,1622.439,2417.146,458.704
Track_83,83,2,0,0,0,0,0,0.100,0.600,0.700,0.092,83,47.121,36.849,0,0.922,0.922,0.922,0.922,NaN,2056.059,2094.471,2017.648,2094.471,38.411
Track_84,84,6,0,0,0,0,0,0.500,0.600,1.100,0.124,84,28.777,24.301,0,1.185,1.739,0.705,1.253,0.397,1919.487,2804.863,1614.125,1766.850,415.367
Track_85,85,6,0,0,0,0,0,0.500,0.600,1.100,0.201,85,37.749,21.368,0,0.701,1.197,0.189,0.583,0.446,1845.815,2397.961,1605.514,1663.547,307.796
Track_86,86,2,0,0,0,0,0,0.100,0.600,0.700,0.183,86,8.357,21.035,0,1.826,1.826,1.826,1.826,NaN,2020.780,2481.884,1559.676,2481.884,461.104
Track_87,87,7,0,0,0,0,0,0.600,0.700,1.300,0.049,87,5.383,50.196,0,0.590,0.993,0.297,0.664,0.318,2205.456,2905.464,1733.906,2255.599,366.158
Track_88,88,5,0,0,0,0,0,0.400,0.700,1.100,0.104,88,13.328,40.415,0,0.789,1.257,0.401,0.782,0.354,2437.641,3298.181,1676.984,2429.402,534.658
Track_89,89,11,0,0,0,0,0,1.000,0.700,1.700,0.099,89,23.443,21.043,0,1.231,1.527,0.825,1.387,0.257,2260.322,3160.987,1533.127,1987.881,530.046
Track_90,90,4,0,0,0,0,0,0.300,0.700,1.000,0.052,90,21.855,24.007,0,0.948,1.323,0.294,1.226,0.568,2074.545,2334.936,1944.428,2062.637,157.231
Track_91,91,2,0,0,0,0,0,0.100,0.800,0.900,0.095,91,50.743,12.816,0,0.952,0.952,0.952,0.952,NaN,2226.328,2309.802,2142.853,2309.802,83.475
Track_92,92,7,0,0,0,0,0,0.600,0.700,1.300,0.137,92,28.998,12.509,0,0.653,1.134,0.206,0.699,0.327,2092.279,2528.399,1587.916,2100.703,311.588
Track_93,93,17,0,0,0,0,0,1.600,0.800,2.400,0.154,93,31.240,10.705,0,1.003,2.000,0.496,0.937,0.379,2250.703,2890.554,1628.318,2265.799,353.369
Track_94,94,4,0,0,0,0,0,0.300,0.700,1.000,0.148,94,50.371,6.132,0,0.579,1.083,0.017,0.637,0.535,4583.334,5565.402,3646.128,4650.925,681.914
Track_95,95,2,0,0,0,0,0,0.100,0.800,0.900,0.110,95,1.108,1.233,0,1.102,1.102,1.102,1.102,NaN,1586.782,1648.803,1524.762,1648.803,62.021
Track_96,96,2,0,0,0,0,0,0.100,0.700,0.800,0.063,96,47.178,26.438,0,0.630,0.630,0.630,0.630,NaN,2215.075,2342.209,2087.942,2342.209,127.133
Track_97,97,2,0,0,0,0,0,0.100,0.900,1.000,0.061,97,18.205,35.649,0,0.608,0.608,0.608,0.608,NaN,1987.842,2249.722,1725.962,2249.722,261.880
Track_98,98,4,0,0,0,0,0,0.300,0.900,1.200,0.067,98,47.070,36.866,0,0.991,1.055,0.875,1.043,0.100,1755.978,1924.446,1552.144,1790.353,133.334
Track_99,99,2,0,0,0,0,0,0.100,0.900,1.000,0.120,99,39.798,29.293,0,1.200,1.200,1.200,1.200,NaN,1943.076,1981.589,1904.563,1981.589,38.513
Track_100,100,2,0,0,0,0,0,0.100,0.900,1.000,0.118,100,43.832,34.758,0,1.183,1.183,1.183,1.183,NaN,1613.658,1726.038,1501.277,1726.038,112.380
Track_101,101,7,0,0,0,0,0,0.600,0.900,1.500,0.176,101,24.867,24.622,0,1.364,1.988,0.611,1.598,0.496,1993.831,2531.951,1514.346,1818.368,415.431
Track_102,102,11,0,0,0,0,0,1.000,0.900,1.900,0.063,102,40.524,9.154,0,1.116,1.826,0.599,0.991,0.437,2214.821,3485.306,1620.787,2031.876,500.786
Track_103,103,2,0,0,0,0,0,0.100,0.900,1.000,0.049,103,50.354,42.924,0,0.493,0.493,0.493,0.493,NaN,1731.989,1798.193,1665.784,1798.193,66.205
Track_104,104,9,0,0,0,0,0,0.800,1.000,1.800,0.035,104,38.830,39.294,0,1.148,1.716,0.709,1.108,0.325,2114.943,2851.517,1676.930,1940.696,400.843
Track_105,105,4,0,0,0,0,0,0.300,1.000,1.300,0.089,105,8.821,42.747,0,1.413,1.917,0.798,1.523,0.568,1956.683,2197.234,1656.730,2128.545,217.957
Track_106,106,10,0,0,0,0,0,0.900,1.000,1.900,0.086,106,28.896,32.469,0,1.067,1.821,0.497,1.003,0.509,2145.251,2960.431,1656.962,2103.364,363.304
Track_107,107,5,0,0,0,0,0,0.400,1.000,1.400,0.128,107,47.135,26.484,0,0.950,1.651,0.514,1.074,0.532,1790.679,2286.570,1578.796,1746.353,259.453
Track_108,108,14,0,0,0,0,0,1.300,1.000,2.300,0.071,108,12.496,28.434,0,0.812,1.675,0.085,0.737,0.438,2372.182,3375.129,1602.542,2354.103,458.341
Track_109,109,2,0,0,0,0,0,0.100,1.000,1.100,0.061,109,24.066,26.123,0,0.611,0.611,0.611,0.611,NaN,1909.735,2087.205,1732.265,2087.205,177.470
Track_110,110,11,0,0,0,0,0,1.000,1.000,2.000,0.011,110,45.561,19.844,0,1.089,2.472,0.140,1.103,0.637,1949.759,3071.260,1557.903,1827.687,414.606
Track_111,111,5,0,0,0,0,0,0.400,1.100,1.500,0.025,111,49.668,15.166,0,1.199,2.037,0.295,1.873,0.884,2084.147,2365.828,1842.434,1954.215,230.766
Track_112,112,13,0,0,0,0,0,1.200,1.100,2.300,0.144,112,43.344,8.725,0,0.934,1.510,0.298,1.071,0.423,2513.558,3232.842,1754.921,2406.952,481.039
Track_113,113,6,0,0,0,0,0,0.500,1.100,1.600,0.082,113,0.383,36.382,0,0.895,1.412,0.190,0.998,0.478,2072.723,2977.412,1557.415,2019.762,489.585
Track_114,114,3,0,0,0,0,0,0.200,1.200,1.400,0.072,114,44.319,37.720,0,0.492,0.517,0.466,0.517,0.036,1785.332,1918.762,1668.880,1768.354,102.718
Track_115,115,14,0,0,0,0,0,1.300,1.200,2.500,0.084,115,18.161,35.627,0,0.775,1.239,0.156,0.856,0.366,2090.655,2662.740,1582.208,1952.076,350.669
Track_116,116,5,0,0,0,0,0,0.400,1.200,1.600,0.089,116,13.185,26.994,0,0.741,1.382,0.376,0.819,0.474,2584.735,3294.030,1801.529,2587.329,493.776
Track_117,117,6,0,0,0,0,0,0.500,1.200,1.700,0.086,117,21.793,24.010,0,0.538,0.609,0.428,0.563,0.073,2413.983,2725.630,1785.667,2578.411,328.276
Track_118,118,4,0,0,0,0,0,0.300,1.200,1.500,0.032,118,13.846,12.158,0,0.628,0.900,0.339,0.646,0.281,2040.266,2584.559,1675.638,2109.915,352.213
Track_119,119,4,0,0,0,0,0,0.300,1.200,1.500,0.123,119,36.893,12.454,0,0.905,0.973,0.814,0.927,0.082,2233.309,3295.115,1591.675,2250.363,657.758
Track_120,120,7,0,0,0,0,0,0.600,1.200,1.800,0.052,120,6.226,10.888,0,0.548,0.937,0.118,0.748,0.353,2525.610,3441.593,1762.737,2512.813,533.023
Track_121,121,13,0,0,0,0,0,1.200,1.200,2.400,0.084,121,3.408,8.313,0,0.801,1.541,0.350,0.826,0.386,2305.338,3048.329,1874.906,2244.560,309.946
Track_122,122,2,0,0,0,0,0,0.100,1.200,1.300,0.086,122,47.972,42.956,0,0.859,0.859,0.859,0.859,NaN,2275.939,2323.001,2228.876,2323.001,47.062
Track_123,123,2,0,0,0,0,0,0.100,1.300,1.400,0.124,123,37.741,21.268,0,1.242,1.242,1.242,1.242,NaN,1991.822,2217.166,1766.477,2217.166,225.344
Track_124,124,3,0,0,0,0,0,0.200,1.300,1.500,0.050,124,40.608,2.417,0,1.075,1.240,0.909,1.240,0.234,2583.863,3136.015,2146.808,2468.766,411.961
Track_125,125,10,0,0,0,0,0,0.900,1.300,2.200,0.058,125,13.328,40.446,0,0.907,1.702,0.373,0.858,0.369,2039.637,2290.365,1538.495,2134.962,232.172
Track_126,126,2,0,0,0,0,0,0.100,1.300,1.400,0.016,126,39.842,29.252,0,0.157,0.157,0.157,0.157,NaN,2855.306,3125.455,2585.157,3125.455,270.149
Track_127,127,4,0,0,0,0,0,0.300,1.400,1.700,0.044,127,16.592,27.563,0,0.992,1.384,0.642,0.951,0.373,3124.919,3643.553,2790.478,3094.560,318.363
Track_128,128,3,0,0,0,0,0,0.200,1.500,1.700,0.141,128,38.067,51.067,0,0.707,1.414,0.000,1.414,1.000,1764.243,1934.406,1549.798,1808.525,160.107
Track_129,129,3,0,0,0,0,0,0.200,1.500,1.700,0.169,129,28.831,24.296,0,0.846,1.311,0.381,1.311,0.658,1950.853,2521.676,1536.647,1794.235,417.107
Track_130,130,2,0,0,0,0,0,0.100,1.500,1.600,0.025,130,46.702,16.842,0,0.251,0.251,0.251,0.251,NaN,2400.294,2698.372,2102.217,2698.372,298.078
Track_131,131,5,0,0,0,0,0,0.400,1.500,1.900,0.123,131,28.968,12.516,0,1.373,1.804,0.323,1.705,0.703,2189.500,3170.317,1727.286,1876.667,554.392
Track_132,132,2,0,0,0,0,0,0.100,1.500,1.600,0.148,132,48.224,11.469,0,1.482,1.482,1.482,1.482,NaN,1873.724,1925.687,1821.761,1925.687,51.963
Track_133,133,5,0,0,0,0,0,0.400,1.600,2.000,0.025,133,22.139,48.344,0,0.772,0.974,0.609,0.798,0.155,2272.495,2598.035,1805.938,2369.399,302.126
Track_134,134,4,0,0,0,0,0,0.300,1.600,1.900,0.025,134,16.920,46.421,0,0.890,1.360,0.262,1.048,0.566,2182.797,2301.153,2054.780,2271.195,105.369
Track_135,135,5,0,0,0,0,0,0.400,1.600,2.000,0.111,135,5.375,50.228,0,0.824,1.044,0.639,0.809,0.167,2417.279,3025.983,1820.215,2250.494,460.744
Track_136,136,7,0,0,0,0,0,0.600,1.600,2.200,0.058,136,8.822,42.724,0,1.269,2.479,0.513,1.299,0.726,1912.670,2368.624,1508.223,1907.380,247.010
Track_137,137,4,0,0,0,0,0,0.300,1.600,1.900,0.110,137,50.348,42.982,0,1.133,1.572,0.853,0.974,0.385,1836.395,2049.216,1632.747,1989.311,184.676
Track_138,138,2,0,0,0,0,0,0.100,1.600,1.700,0.033,138,43.815,34.837,0,0.327,0.327,0.327,0.327,NaN,2123.313,2431.203,1815.424,2431.203,307.889
Track_139,139,2,0,0,0,0,0,0.100,1.600,1.700,0.122,139,47.149,26.485,0,1.216,1.216,1.216,1.216,NaN,2058.930,2212.079,1905.782,2212.079,153.148
Track_140,140,2,0,0,0,0,0,0.100,1.600,1.700,0.163,140,11.695,25.850,0,1.633,1.633,1.633,1.633,NaN,1886.465,2108.898,1664.033,2108.898,222.433
Track_141,141,29,0,0,0,0,0,2.800,1.600,4.400,0.104,141,1.083,22.066,0,0.917,2.091,0.122,0.780,0.480,2253.485,3558.115,1589.167,2249.311,376.953
Track_142,142,5,0,0,0,0,0,0.400,1.600,2.000,0.195,142,37.725,21.333,0,0.976,1.473,0.647,1.067,0.379,1819.893,1981.049,1665.910,1782.798,114.916
Track_143,143,2,0,0,0,0,0,0.100,1.700,1.800,0.153,143,44.272,37.649,0,1.530,1.530,1.530,1.530,NaN,1847.545,1901.294,1793.796,1901.294,53.749
Track_144,144,6,0,0,0,0,0,0.500,1.700,2.200,0.172,144,8.827,6.069,0,1.138,1.822,0.439,1.349,0.595,2142.009,2667.931,1747.910,2298.650,324.035
Track_145,145,17,0,0,0,0,0,1.600,1.700,3.300,0.108,145,40.552,2.421,0,0.740,1.935,0.111,0.722,0.473,2684.365,3914.722,1977.957,2633.482,577.592
Track_146,146,3,0,0,0,0,0,0.200,1.700,1.900,0.122,146,14.452,43.180,0,1.206,1.212,1.201,1.212,0.008,1939.804,2123.185,1649.739,2046.489,207.483
Track_147,147,14,0,0,0,0,0,1.300,1.700,3.000,0.059,147,0.747,42.476,0,0.889,2.188,0.088,0.938,0.527,2109.990,2662.968,1715.363,2113.693,240.102
Track_148,148,12,0,0,0,0,0,1.100,1.700,2.800,0.196,148,27.030,37.950,0,1.146,1.550,0.589,1.307,0.371,1984.929,2587.179,1559.336,1935.937,298.690
Track_149,149,4,0,0,0,0,0,0.300,1.700,2.000,0.111,149,14.725,39.938,0,0.432,0.688,0.167,0.440,0.261,2263.499,2833.683,1742.664,2408.910,404.801
Track_150,150,6,0,0,0,0,0,0.500,1.700,2.200,0.087,150,1.055,40.006,0,0.764,1.300,0.276,0.892,0.433,2062.654,2597.659,1552.648,2039.660,403.233
Track_151,151,2,0,0,0,0,0,0.100,1.800,1.900,0.053,151,28.257,24.499,0,0.533,0.533,0.533,0.533,NaN,2345.179,2744.913,1945.446,2744.913,399.733
Track_152,152,4,0,0,0,0,0,0.300,1.800,2.100,0.106,152,18.222,28.322,0,0.834,1.439,0.306,0.759,0.570,2141.914,2609.078,1626.779,2534.056,434.693
Track_153,153,4,0,0,0,0,0,0.300,1.800,2.100,0.086,153,38.154,10.852,0,1.456,1.657,1.250,1.460,0.204,1899.892,2015.219,1614.737,2012.037,166.221
Track_154,154,6,0,0,0,0,0,0.500,1.800,2.300,0.046,154,48.171,11.481,0,0.749,1.156,0.145,0.888,0.382,2065.124,2438.316,1574.225,2242.785,320.232
Track_155,155,5,0,0,0,0,0,0.400,1.800,2.200,0.018,155,46.666,49.081,0,1.067,1.358,0.490,1.230,0.391,1780.254,1901.837,1644.489,1810.571,92.004
Track_156,156,6,0,0,0,0,0,0.500,1.800,2.300,0.225,156,47.125,36.856,0,1.040,1.596,0.198,1.227,0.532,1885.297,2382.604,1539.622,1866.476,284.705
Track_157,157,4,0,0,0,0,0,0.300,1.800,2.100,0.084,157,0.407,36.427,0,1.791,2.326,1.101,1.946,0.627,1975.549,2360.676,1652.880,2213.496,315.951
Track_158,158,6,0,0,0,0,0,0.500,1.800,2.300,0.119,158,7.931,32.736,0,0.989,2.188,0.415,0.522,0.788,1944.679,2359.814,1511.597,1953.614,262.721
Track_159,159,8,0,0,0,0,0,0.700,1.900,2.600,0.091,159,40.961,5.113,0,0.870,1.303,0.269,0.921,0.370,2340.780,2740.356,1985.578,2501.326,262.386
Track_160,160,9,0,0,0,0,0,0.800,1.900,2.700,0.217,160,38.037,51.059,0,1.098,2.504,0.000,1.000,0.846,2054.324,2539.967,1630.767,1930.350,317.704
Track_161,161,6,0,0,0,0,0,0.500,1.900,2.400,0.059,161,1.937,47.736,0,0.917,1.218,0.566,0.840,0.287,2092.188,2654.872,1714.365,2240.834,335.755
Track_162,162,3,0,0,0,0,0,0.200,1.900,2.100,0.017,162,43.815,34.783,0,0.263,0.335,0.191,0.335,0.102,2606.847,3041.491,2363.843,2415.207,308.055
Track_163,163,8,0,0,0,0,0,0.700,1.900,2.600,0.083,163,33.642,34.406,0,0.588,0.823,0.321,0.536,0.222,5518.758,5924.695,5073.579,5685.819,283.756
Track_164,164,2,0,0,0,0,0,0.100,1.900,2.000,0.158,164,28.676,24.309,0,1.584,1.584,1.584,1.584,NaN,2382.293,2715.771,2048.815,2715.771,333.478
Track_165,165,3,0,0,0,0,0,0.200,1.900,2.100,0.103,165,13.203,27.006,0,0.774,1.098,0.450,1.098,0.459,2157.143,2708.618,1670.150,2092.662,426.398
Track_166,166,8,0,0,0,0,0,0.700,1.900,2.600,0.092,166,23.847,18.453,0,1.023,1.964,0.253,0.928,0.675,2108.783,2771.933,1651.080,2038.239,380.514
Track_167,167,2,0,0,0,0,0,0.100,1.900,2.000,0.073,167,13.473,11.160,0,0.733,0.733,0.733,0.733,NaN,2166.443,2207.913,2124.973,2207.913,41.470
Track_168,168,11,0,0,0,0,0,1.000,1.900,2.900,0.134,168,17.825,8.306,0,0.941,1.426,0.434,0.926,0.357,2370.103,3239.615,1647.242,2304.562,484.349
Track_169,169,4,0,0,0,0,0,0.300,2.000,2.300,0.093,169,11.850,38.430,0,1.264,1.962,0.287,1.542,0.872,1898.311,2223.938,1579.069,1909.837,228.255
Track_170,170,2,0,0,0,0,0,0.100,2.000,2.100,0.056,170,2.221,34.691,0,0.561,0.561,0.561,0.561,NaN,2066.030,2246.762,1885.298,2246.762,180.732
Track_171,171,6,0,0,0,0,0,0.500,2.000,2.500,0.041,171,6.255,10.893,0,0.989,1.608,0.187,0.990,0.530,2299.872,2974.735,1824.805,2372.597,394.190
Track_172,172,11,0,0,0,0,0,1.000,2.200,3.200,0.112,172,26.405,7.698,0,1.049,2.150,0.295,0.888,0.679,2600.459,3605.507,1876.714,2748.427,489.788
Track_173,173,5,0,0,0,0,0,0.400,2.100,2.500,0.040,173,13.214,3.287,0,0.589,1.082,0.198,0.818,0.432,2555.674,3033.218,2003.444,2529.990,366.227
Track_174,174,14,0,0,0,0,0,1.300,2.200,3.500,0.046,174,5.055,3.052,0,0.867,1.578,0.129,0.991,0.451,2446.816,3320.292,1799.810,2541.779,439.179
Track_175,175,9,0,0,0,0,0,0.800,2.100,2.900,0.063,175,11.630,50.472,0,0.642,0.851,0.275,0.743,0.208,2077.653,2939.835,1554.496,1909.201,496.468
Track_176,176,12,0,0,0,0,0,1.100,2.100,3.200,0.065,176,16.873,46.424,0,0.822,1.907,0.151,0.772,0.520,1975.357,2681.314,1536.862,1954.456,358.890
Track_177,177,4,0,0,0,0,0,0.300,2.200,2.500,0.122,177,5.407,50.217,0,1.128,1.522,0.726,1.138,0.398,1782.191,2016.884,1536.135,1932.631,198.494
Track_178,178,13,0,0,0,0,0,1.200,2.100,3.300,0.051,178,14.420,43.214,0,0.736,1.450,0.153,0.662,0.447,2148.523,2596.967,1660.188,2133.975,278.974
Track_179,179,8,0,0,0,0,0,0.700,2.200,2.900,0.143,179,14.650,39.918,0,0.630,1.008,0.266,0.526,0.289,2258.062,3231.433,1776.516,2169.114,429.787
Track_180,180,9,0,0,0,0,0,0.800,2.100,2.900,0.108,180,16.558,27.523,0,0.932,1.888,0.155,1.195,0.618,2289.370,3050.528,1936.186,2141.781,362.979
Track_181,181,10,0,0,0,0,0,0.900,2.200,3.100,0.060,181,9.629,26.610,0,0.977,2.004,0.118,0.840,0.530,2320.376,3312.356,1651.809,2147.707,473.640
Track_182,182,7,0,0,0,0,0,0.600,2.200,2.800,0.102,182,37.656,21.366,0,0.908,2.171,0.281,0.828,0.711,2010.925,2750.807,1674.058,1912.242,319.999
Track_183,183,6,0,0,0,0,0,0.500,2.100,2.600,0.096,183,28.239,24.564,0,0.965,1.372,0.272,1.075,0.419,2638.616,3597.889,2264.675,2559.989,455.220
Track_184,184,8,0,0,0,0,0,0.700,2.100,2.800,0.120,184,28.984,12.523,0,1.098,2.153,0.518,0.898,0.570,2118.949,2921.574,1511.737,2221.406,418.004
Track_185,185,2,0,0,0,0,0,0.100,2.100,2.200,0.054,185,50.336,42.954,0,0.542,0.542,0.542,0.542,NaN,1857.929,2088.829,1627.029,2088.829,230.900
Track_186,186,2,0,0,0,0,0,0.100,2.100,2.200,0.087,186,28.897,32.394,0,0.870,0.870,0.870,0.870,NaN,2177.564,2373.594,1981.534,2373.594,196.030
Track_187,187,2,0,0,0,0,0,0.100,2.100,2.200,0.124,187,40.470,9.156,0,1.238,1.238,1.238,1.238,NaN,1722.818,1785.849,1659.788,1785.849,63.031
Track_188,188,3,0,0,0,0,0,0.200,2.300,2.500,0.089,188,45.595,19.882,0,0.521,0.950,0.092,0.950,0.606,2163.691,2379.546,1735.272,2376.254,302.941
Track_189,189,7,0,0,0,0,0,0.600,2.300,2.900,0.079,189,31.428,16.566,0,0.744,1.133,0.254,0.739,0.317,2001.401,2546.980,1618.319,1869.283,316.048
Track_190,190,10,0,0,0,0,0,0.900,2.300,3.200,0.046,190,13.484,11.156,0,0.721,1.563,0.258,0.715,0.387,2614.802,3766.650,1754.945,2472.668,604.076
Track_191,191,6,0,0,0,0,0,0.500,2.300,2.800,0.005,191,4.995,44.443,0,0.916,1.592,0.668,0.687,0.396,1802.786,2091.842,1534.826,1893.036,203.626
Track_192,192,2,0,0,0,0,0,0.100,2.300,2.400,0.065,192,0.401,36.408,0,0.651,0.651,0.651,0.651,NaN,1983.194,2067.318,1899.071,2067.318,84.124
Track_193,193,2,0,0,0,0,0,0.100,2.300,2.400,0.142,193,13.242,26.959,0,1.425,1.425,1.425,1.425,NaN,2243.025,2582.940,1903.109,2582.940,339.915
Track_194,194,2,0,0,0,0,0,0.100,2.300,2.400,0.058,194,15.961,28.411,0,0.585,0.585,0.585,0.585,NaN,1804.403,1925.698,1683.107,1925.698,121.296
Track_195,195,7,0,0,0,0,0,0.600,2.400,3.000,0.453,195,26.247,38.708,0,1.160,3.874,0.251,0.699,1.381,2703.713,3655.054,1782.347,2820.393,646.952
Track_196,196,3,0,0,0,0,0,0.200,2.400,2.600,0.078,196,13.286,40.378,0,1.054,1.213,0.895,1.213,0.225,2000.812,2052.787,1946.579,2003.070,43.388
Track_197,197,6,0,0,0,0,0,0.500,2.400,2.900,0.071,197,1.090,39.995,0,0.797,1.558,0.556,0.628,0.427,2045.731,2328.469,1721.162,2088.244,197.178
Track_198,198,4,0,0,0,0,0,0.300,2.400,2.700,0.031,198,43.797,34.782,0,1.369,1.791,0.781,1.536,0.525,1953.150,2431.146,1699.915,1958.314,293.897
Track_199,199,2,0,0,0,0,0,0.100,2.400,2.500,0.044,199,29.482,8.851,0,0.437,0.437,0.437,0.437,NaN,2704.082,3140.261,2267.902,3140.261,436.180
Track_200,200,13,0,0,0,0,0,1.200,2.400,3.600,0.098,200,38.654,6.297,0,0.773,1.377,0.365,0.733,0.289,2421.951,3198.408,1846.654,2320.191,405.662
Track_201,201,14,0,0,0,0,0,1.300,2.400,3.700,0.122,201,15.723,49.229,0,1.102,2.752,0.357,0.945,0.806,2649.658,3538.493,1757.286,2864.719,536.605
Track_202,202,2,0,0,0,0,0,0.100,2.400,2.500,0.136,202,8.451,45.492,0,1.357,1.357,1.357,1.357,NaN,2566.409,2763.757,2369.062,2763.757,197.348
Track_203,203,5,0,0,0,0,0,0.400,2.400,2.800,0.096,203,8.804,42.708,0,0.777,1.148,0.266,0.924,0.374,1841.038,1990.352,1612.783,1842.565,128.324
Track_204,204,4,0,0,0,0,0,0.300,2.500,2.800,0.139,204,0.581,35.019,0,0.945,1.635,0.319,0.882,0.660,2449.035,2618.215,2249.444,2595.328,160.693
Track_205,205,2,0,0,0,0,0,0.100,2.500,2.600,0.010,205,7.915,32.788,0,0.101,0.101,0.101,0.101,NaN,2165.436,2302.656,2028.215,2302.656,137.221
Track_206,206,3,0,0,0,0,0,0.200,2.500,2.700,0.070,206,25.807,20.916,0,1.745,2.089,1.401,2.089,0.487,1931.401,2310.663,1564.042,1919.498,304.923
Track_207,207,4,0,0,0,0,0,0.300,2.500,2.800,0.185,207,38.218,10.866,0,1.354,1.729,1.019,1.313,0.356,1938.288,2401.863,1720.277,1829.750,270.641
Track_208,208,2,0,0,0,0,0,0.100,2.500,2.600,0.028,208,48.211,11.457,0,0.285,0.285,0.285,0.285,NaN,2200.843,2533.134,1868.553,2533.134,332.291
Track_209,209,15,0,0,0,0,0,1.400,2.500,3.900,0.126,209,26.341,10.618,0,0.790,1.347,0.319,0.857,0.329,2032.262,2609.329,1652.455,1947.260,316.474
Track_210,210,5,0,0,0,0,0,0.400,2.600,3.000,0.105,210,3.397,8.308,0,0.904,1.314,0.120,1.290,0.557,2049.009,2649.324,1599.758,1901.770,357.317
Track_211,211,8,0,0,0,0,0,0.700,2.600,3.300,0.057,211,31.169,10.691,0,0.500,1.026,0.083,0.425,0.358,2233.236,2769.505,1515.384,2439.903,426.705
Track_212,212,3,0,0,0,0,0,0.200,2.600,2.800,0.061,212,1.952,47.783,0,0.621,0.765,0.477,0.765,0.203,1924.591,2554.978,1590.936,1627.860,446.006
Track_213,213,2,0,0,0,0,0,0.100,2.600,2.700,0.155,213,46.816,49.209,0,1.553,1.553,1.553,1.553,NaN,1617.452,1727.528,1507.375,1727.528,110.076
Track_214,214,8,0,0,0,0,0,0.700,2.600,3.300,0.047,214,28.491,33.455,0,0.737,1.079,0.389,0.766,0.251,2006.956,2643.087,1678.237,2048.797,314.524
Track_215,215,2,0,0,0,0,0,0.100,2.600,2.700,0.022,215,13.200,26.990,0,0.220,0.220,0.220,0.220,NaN,2966.210,3086.064,2846.355,3086.064,119.854
Track_216,216,2,0,0,0,0,0,0.100,2.600,2.700,0.134,216,16.362,16.818,0,1.337,1.337,1.337,1.337,NaN,2399.855,2921.239,1878.472,2921.239,521.383
Track_217,217,2,0,0,0,0,0,0.100,2.700,2.800,0.071,217,8.402,45.542,0,0.708,0.708,0.708,0.708,NaN,2185.536,2516.430,1854.642,2516.430,330.894
Track_218,218,6,0,0,0,0,0,0.500,2.700,3.200,0.081,218,25.213,45.718,0,0.905,1.342,0.308,1.118,0.427,2104.887,2333.795,1699.171,2157.775,221.467
Track_219,219,2,0,0,0,0,0,0.100,2.700,2.800,0.078,219,18.163,35.618,0,0.778,0.778,0.778,0.778,NaN,2297.826,2392.399,2203.253,2392.399,94.573
Track_220,220,3,0,0,0,0,0,0.200,2.700,2.900,0.050,220,0.373,36.340,0,0.395,0.642,0.148,0.642,0.349,1944.118,2464.168,1679.696,1688.490,367.748
Track_221,221,5,0,0,0,0,0,0.400,2.700,3.100,0.046,221,13.043,25.433,0,1.163,2.298,0.239,1.659,0.981,2294.297,3066.610,1602.936,2203.430,481.660
Track_222,222,10,0,0,0,0,0,0.900,2.700,3.600,0.049,222,45.567,19.822,0,0.785,1.262,0.148,0.840,0.358,2078.796,2636.642,1600.886,2276.885,345.908
Track_223,223,2,0,0,0,0,0,0.100,2.700,2.800,0.056,223,5.094,15.887,0,0.556,0.556,0.556,0.556,NaN,2090.456,2534.315,1646.597,2534.315,443.859
Track_224,224,11,0,0,0,0,0,1.000,2.700,3.700,0.110,224,29.432,8.875,0,0.756,1.760,0.296,0.644,0.501,2226.657,3027.017,1557.398,2087.427,380.233
Track_225,225,2,0,0,0,0,0,0.100,2.800,2.900,0.054,225,6.231,10.882,0,0.536,0.536,0.536,0.536,NaN,2554.707,2644.773,2464.641,2644.773,90.066
Track_226,226,4,0,0,0,0,0,0.300,2.800,3.100,0.006,226,48.205,11.459,0,0.530,0.655,0.294,0.641,0.204,2099.916,3269.269,1594.731,1865.006,682.284
Track_227,227,3,0,0,0,0,0,0.200,2.800,3.000,0.067,227,49.877,10.714,0,0.564,0.898,0.229,0.898,0.473,1949.492,2134.411,1847.459,1866.606,130.991
Track_228,228,7,0,0,0,0,0,0.600,2.800,3.400,0.056,228,13.637,4.891,0,0.650,1.380,0.196,0.606,0.411,2300.796,3013.787,1832.905,2231.957,393.643
Track_229,229,10,0,0,0,0,0,0.900,2.800,3.700,0.022,229,13.222,3.301,0,0.768,1.446,0.213,0.737,0.407,2212.764,3232.667,1660.224,2079.663,466.277
Track_230,230,6,0,0,0,0,0,0.500,2.800,3.300,0.106,230,8.894,6.079,0,1.309,1.725,1.013,1.283,0.259,2140.347,2873.879,1864.170,2039.474,337.620
Track_231,231,8,0,0,0,0,0,0.700,2.800,3.500,0.156,231,21.048,39.463,0,0.883,1.722,0.122,0.797,0.504,2132.894,2674.541,1690.063,2099.316,290.113
Track_232,232,2,0,0,0,0,0,0.100,2.800,2.900,0.018,232,15.990,28.370,0,0.183,0.183,0.183,0.183,NaN,2616.602,3313.011,1920.192,3313.011,696.410
Track_233,233,6,0,0,0,0,0,0.500,2.800,3.300,0.130,233,23.848,18.551,0,0.844,1.784,0.299,0.721,0.562,2238.673,2962.366,1775.554,2218.211,416.506
Track_234,234,4,0,0,0,0,0,0.300,2.800,3.100,0.053,234,22.849,17.404,0,0.442,0.620,0.161,0.544,0.246,2160.677,2418.438,1591.178,2374.808,333.972
Track_235,235,2,0,0,0,0,0,0.100,2.900,3.000,0.057,235,25.703,20.944,0,0.567,0.567,0.567,0.567,NaN,2202.369,2590.375,1814.362,2590.375,388.007
Track_236,236,3,0,0,0,0,0,0.200,2.900,3.100,0.101,236,16.382,16.809,0,0.664,1.078,0.251,1.078,0.585,2024.825,2192.528,1694.993,2186.954,233.238
Track_237,237,2,0,0,0,0,0,0.100,2.900,3.000,0.021,237,1.696,4.697,0,0.209,0.209,0.209,0.209,NaN,2587.291,2738.170,2436.412,2738.170,150.879
Track_238,238,2,0,0,0,0,0,0.100,2.900,3.000,0.100,238,22.350,51.100,0,1.000,1.000,1.000,1.000,NaN,1624.647,1705.692,1543.603,1705.692,81.044
Track_239,239,2,0,0,0,0,0,0.100,2.900,3.000,0.100,239,38.050,51.100,0,1.000,1.000,1.000,1.000,NaN,1853.411,2011.579,1695.244,2011.579,158.167
Track_240,240,2,0,0,0,0,0,0.100,2.900,3.000,0.075,240,46.768,49.091,0,0.745,0.745,0.745,0.745,NaN,1776.909,1832.141,1721.678,1832.141,55.232
Track_241,241,2,0,0,0,0,0,0.100,2.900,3.000,0.056,241,49.039,32.257,0,0.556,0.556,0.556,0.556,NaN,1744.473,1783.168,1705.778,1783.168,38.695
Track_242,242,7,0,0,0,0,0,0.600,3.000,3.600,0.061,242,0.567,35.030,0,0.683,1.028,0.174,0.916,0.387,2031.474,2983.206,1517.422,1903.975,433.114
Track_243,243,4,0,0,0,0,0,0.300,3.000,3.300,0.127,243,43.764,34.809,0,1.031,1.602,0.594,0.895,0.518,2068.038,2337.050,1523.474,2253.345,320.702
Track_244,244,4,0,0,0,0,0,0.300,3.000,3.300,0.070,244,7.640,27.609,0,0.545,1.048,0.279,0.307,0.436,1806.168,2079.665,1688.535,1744.765,159.163
Track_245,245,4,0,0,0,0,0,0.300,3.000,3.300,0.043,245,42.616,31.106,0,1.114,1.376,0.872,1.094,0.252,1734.313,1959.634,1509.078,1877.387,188.723
Track_246,246,3,0,0,0,0,0,0.200,3.000,3.200,0.100,246,47.567,30.684,0,1.367,1.447,1.286,1.447,0.114,1610.206,1763.171,1529.178,1538.269,108.226
Track_247,247,2,0,0,0,0,0,0.100,3.000,3.100,0.144,247,28.646,24.170,0,1.438,1.438,1.438,1.438,NaN,1828.041,1900.636,1755.446,1900.636,72.595
Track_248,248,3,0,0,0,0,0,0.200,3.000,3.200,0.101,248,37.781,21.346,0,0.915,1.403,0.427,1.403,0.690,1924.361,2225.374,1720.902,1826.806,217.195
Track_249,249,4,0,0,0,0,0,0.300,3.000,3.300,0.070,249,22.473,16.058,0,0.956,1.601,0.250,1.016,0.677,2375.573,2564.194,2059.697,2549.442,204.792
Track_250,250,2,0,0,0,0,0,0.100,3.000,3.100,0.208,250,5.260,15.907,0,2.082,2.082,2.082,2.082,NaN,1865.055,2127.615,1602.495,2127.615,262.560
Track_251,251,3,0,0,0,0,0,0.200,3.000,3.200,0.132,251,38.217,10.850,0,1.044,1.167,0.921,1.167,0.174,2250.665,2435.296,1912.193,2404.505,239.665
Track_252,252,5,0,0,0,0,0,0.400,3.000,3.400,0.031,252,8.455,45.548,0,0.506,0.687,0.123,0.662,0.262,2525.244,3874.663,1914.726,2154.051,703.973
Track_253,253,3,0,0,0,0,0,0.200,3.000,3.200,0.036,253,5.013,44.450,0,0.723,0.831,0.615,0.831,0.153,2016.281,2508.763,1730.375,1809.705,349.740
Track_254,254,3,0,0,0,0,0,0.200,3.100,3.300,0.185,254,7.937,32.769,0,1.002,1.428,0.575,1.428,0.603,2158.949,2414.188,1785.580,2277.079,269.880
Track_255,255,2,0,0,0,0,0,0.100,3.100,3.200,0.140,255,15.930,28.471,0,1.403,1.403,1.403,1.403,NaN,2051.208,2097.538,2004.879,2097.538,46.329
Track_256,256,5,0,0,0,0,0,0.400,3.100,3.500,0.088,256,16.542,27.544,0,0.602,1.278,0.247,0.445,0.460,2253.177,2496.526,2056.222,2300.898,171.750
Track_257,257,4,0,0,0,0,0,0.300,3.100,3.400,0.120,257,31.458,16.557,0,1.209,1.912,0.833,0.881,0.609,2207.020,2783.892,1646.597,2525.527,463.815
Track_258,258,9,0,0,0,0,0,0.800,3.100,3.900,0.045,258,13.184,17.639,0,0.694,1.309,0.064,0.798,0.408,1963.409,2503.962,1568.895,1801.421,326.116
Track_259,259,4,0,0,0,0,0,0.300,3.100,3.400,0.147,259,28.963,12.482,0,1.203,1.467,0.720,1.422,0.419,2107.937,2405.374,1648.667,2196.837,279.562
Track_260,260,9,0,0,0,0,0,0.800,3.100,3.900,0.095,260,17.792,8.346,0,0.853,1.252,0.290,1.096,0.432,2053.497,3069.188,1642.006,1973.833,398.455
Track_261,261,2,0,0,0,0,0,0.100,3.100,3.200,0.060,261,11.689,50.473,0,0.597,0.597,0.597,0.597,NaN,1746.571,1866.896,1626.247,1866.896,120.325
Track_262,262,8,0,0,0,0,0,0.700,3.100,3.800,0.142,262,26.071,38.678,0,0.798,2.179,0.018,0.606,0.685,1989.186,2425.219,1546.102,2090.823,344.294
Track_263,263,8,0,0,0,0,0,0.700,3.100,3.800,0.072,263,1.118,39.970,0,1.151,2.611,0.265,1.204,0.797,2006.085,2709.820,1594.905,1939.100,398.505
Track_264,264,3,0,0,0,0,0,0.200,3.100,3.300,0.052,264,11.777,38.412,0,0.302,0.358,0.245,0.358,0.080,2104.069,2305.329,1839.626,2167.251,195.301
Track_265,265,5,0,0,0,0,0,0.400,3.200,3.600,0.155,265,35.030,42.985,0,1.371,1.794,0.950,1.633,0.406,1970.390,2152.108,1746.935,1923.641,149.103
Track_266,266,3,0,0,0,0,0,0.200,3.200,3.400,0.080,266,47.178,36.951,0,0.448,0.665,0.232,0.665,0.306,1977.923,2191.723,1710.519,2031.527,200.074
Track_267,267,5,0,0,0,0,0,0.400,3.200,3.600,0.085,267,48.969,32.274,0,0.850,1.556,0.138,1.039,0.599,2032.239,2549.009,1730.164,1886.704,308.224
Track_268,268,9,0,0,0,0,0,0.800,3.200,4.000,0.134,268,25.772,20.953,0,0.833,2.272,0.143,0.716,0.651,1952.544,2387.940,1601.583,1993.471,247.332
Track_269,269,6,0,0,0,0,0,0.500,3.200,3.700,0.048,269,43.921,12.889,0,1.530,2.454,0.649,1.478,0.666,2096.662,2910.184,1683.816,2022.487,388.198
Track_270,270,2,0,0,0,0,0,0.100,3.300,3.400,0.084,270,46.765,49.147,0,0.839,0.839,0.839,0.839,NaN,1691.820,1825.610,1558.031,1825.610,133.790
Track_271,271,3,0,0,0,0,0,0.200,3.300,3.500,0.242,271,45.548,42.546,0,1.605,1.693,1.517,1.693,0.124,1878.391,1936.785,1827.265,1871.122,45.005
Track_272,272,2,0,0,0,0,0,0.100,3.300,3.400,0.027,272,14.687,39.955,0,0.266,0.266,0.266,0.266,NaN,2438.523,3079.122,1797.925,3079.122,640.599
Track_273,273,6,0,0,0,0,0,0.500,3.300,3.800,0.057,273,9.972,31.900,0,1.263,2.120,0.628,1.036,0.604,1931.518,2325.887,1550.357,2035.536,258.195
Track_274,274,3,0,0,0,0,0,0.200,3.300,3.500,0.145,274,9.556,26.629,0,1.106,1.262,0.950,1.262,0.220,1829.501,1983.195,1729.341,1775.969,110.332
Track_275,275,5,0,0,0,0,0,0.400,3.300,3.700,0.107,275,13.077,25.405,0,0.638,0.943,0.349,0.654,0.244,2378.813,3152.500,1833.636,2429.809,454.002
Track_276,276,2,0,0,0,0,0,0.100,3.300,3.400,0.073,276,28.646,24.273,0,0.729,0.729,0.729,0.729,NaN,1898.447,2002.860,1794.034,2002.860,104.413
Track_277,277,14,0,0,0,0,0,1.300,3.300,4.600,0.123,277,22.819,17.436,0,1.002,1.433,0.517,1.031,0.268,2142.043,2845.113,1686.153,2026.155,331.004
Track_278,278,6,0,0,0,0,0,0.500,3.300,3.800,0.222,278,5.155,15.916,0,1.477,2.287,0.560,1.387,0.635,1928.093,2179.385,1651.433,1980.407,191.495
Track_279,279,12,0,0,0,0,0,1.100,3.400,4.500,0.111,279,13.457,11.139,0,0.613,1.135,0.249,0.582,0.292,2280.302,2858.137,1687.975,2370.337,314.343
Track_280,280,2,0,0,0,0,0,0.100,3.400,3.500,0.064,280,16.829,46.461,0,0.638,0.638,0.638,0.638,NaN,2722.872,2901.965,2543.780,2901.965,179.093
Track_281,281,2,0,0,0,0,0,0.100,3.400,3.500,0.066,281,25.182,45.689,0,0.661,0.661,0.661,0.661,NaN,1821.270,1826.649,1815.891,1826.649,5.379
Track_282,282,2,0,0,0,0,0,0.100,3.400,3.500,0.056,282,17.854,38.637,0,0.562,0.562,0.562,0.562,NaN,1662.322,1734.645,1589.998,1734.645,72.323
Track_283,283,9,0,0,0,0,0,0.800,3.400,4.200,0.105,283,1.834,38.096,0,0.785,1.394,0.334,0.783,0.295,2113.511,2661.628,1750.163,2019.638,329.790
Track_284,284,12,0,0,0,0,0,1.100,3.400,4.500,0.193,284,37.714,21.362,0,1.012,2.152,0.111,0.923,0.657,2121.554,2630.309,1556.198,2158.113,385.795
Track_285,285,10,0,0,0,0,0,0.900,3.500,4.400,0.028,285,7.914,32.743,0,0.991,1.939,0.258,0.795,0.554,1974.119,2720.173,1594.329,1907.553,335.242
Track_286,286,6,0,0,0,0,0,0.500,3.500,4.000,0.140,286,47.663,22.519,0,1.603,2.468,0.713,1.702,0.662,1769.257,2173.202,1510.877,1789.568,239.685
Track_287,287,4,0,0,0,0,0,0.300,3.500,3.800,0.078,287,7.633,27.605,0,0.921,1.519,0.495,0.750,0.533,2013.660,2576.851,1563.916,2176.721,394.493
Track_288,288,4,0,0,0,0,0,0.300,3.500,3.800,0.086,288,23.845,18.504,0,0.509,0.807,0.053,0.666,0.400,2307.414,2673.000,1802.571,2508.028,328.835
Track_289,289,3,0,0,0,0,0,0.200,3.500,3.700,0.034,289,9.852,17.762,0,0.990,1.036,0.944,1.036,0.065,2112.427,2415.548,1706.041,2215.691,298.717
Track_290,290,8,0,0,0,0,0,0.700,3.500,4.200,0.132,290,24.839,8.897,0,0.806,1.449,0.321,0.650,0.420,2195.862,3082.144,1631.705,2298.833,446.415
Track_291,291,3,0,0,0,0,0,0.200,3.500,3.700,0.064,291,46.113,5.277,0,0.556,0.639,0.474,0.639,0.117,2004.638,2381.705,1765.498,1866.712,269.809
Track_292,292,2,0,0,0,0,0,0.100,3.500,3.600,0.030,292,40.542,2.449,0,0.300,0.300,0.300,0.300,NaN,2007.273,2271.747,1742.799,2271.747,264.474
Track_293,293,5,0,0,0,0,0,0.400,3.500,3.900,0.189,293,17.378,50.968,0,1.573,3.200,0.000,2.155,1.398,2046.146,2468.102,1598.991,1899.882,337.536
Track_294,294,6,0,0,0,0,0,0.500,3.500,4.000,0.055,294,13.437,47.238,0,0.459,0.964,0.085,0.279,0.374,2109.193,2816.552,1658.910,2056.846,357.403
Track_295,295,3,0,0,0,0,0,0.200,3.600,3.800,0.087,295,4.968,44.451,0,0.443,0.591,0.295,0.591,0.209,1647.147,1710.596,1544.680,1686.166,73.138
Track_296,296,7,0,0,0,0,0,0.600,3.600,4.200,0.191,296,8.452,45.564,0,1.065,1.660,0.277,1.223,0.501,1951.436,2263.475,1678.796,1980.546,195.110
Track_297,297,2,0,0,0,0,0,0.100,3.600,3.700,0.043,297,14.620,39.979,0,0.426,0.426,0.426,0.426,NaN,2446.943,2718.781,2175.105,2718.781,271.838
Track_298,298,4,0,0,0,0,0,0.300,3.600,3.900,0.144,298,29.319,41.033,0,1.061,1.765,0.427,0.989,0.672,2044.096,2472.033,1755.274,2039.028,266.713
Track_299,299,6,0,0,0,0,0,0.500,3.600,4.100,0.111,299,28.507,33.450,0,0.401,0.778,0.177,0.270,0.248,2132.630,2401.334,1951.659,2182.742,164.301
Track_300,300,5,0,0,0,0,0,0.400,3.600,4.000,0.112,300,31.467,16.480,0,0.903,1.628,0.278,1.015,0.570,2351.581,2847.382,1816.327,2535.232,391.892
Track_301,301,4,0,0,0,0,0,0.300,3.600,3.900,0.125,301,3.408,8.289,0,1.278,1.467,1.131,1.235,0.172,2239.484,3347.838,1685.666,2000.835,650.366
Track_302,302,15,0,0,0,0,0,1.400,3.600,5.000,0.210,302,32.777,7.664,0,0.702,1.077,0.367,0.685,0.215,2637.755,3514.842,1767.395,2576.782,537.392
Track_303,303,6,0,0,0,0,0,0.500,3.600,4.100,0.095,303,23.393,1.022,0,0.724,1.062,0.549,0.595,0.219,2372.030,3272.845,1570.571,2479.149,560.800
Track_304,304,2,0,0,0,0,0,0.100,3.800,3.900,0.075,304,40.904,5.097,0,0.747,0.747,0.747,0.747,NaN,2722.717,3664.697,1780.736,3664.697,941.981
Track_305,305,6,0,0,0,0,0,0.500,3.700,4.200,0.143,305,45.509,42.523,0,1.705,2.108,1.234,1.741,0.406,1770.027,1957.141,1668.875,1744.316,91.921
Track_306,306,4,0,0,0,0,0,0.300,3.700,4.000,0.021,306,25.238,45.743,0,1.100,1.540,0.455,1.306,0.571,1884.669,2098.941,1654.148,1975.177,167.898
Track_307,307,9,0,0,0,0,0,0.800,3.700,4.500,0.058,307,21.009,39.410,0,0.326,0.739,0.030,0.385,0.228,2350.777,2964.699,1767.329,2300.967,335.563
Track_308,308,2,0,0,0,0,0,0.100,3.800,3.900,0.085,308,11.653,38.429,0,0.847,0.847,0.847,0.847,NaN,2251.164,2591.204,1911.125,2591.204,340.040
Track_309,309,5,0,0,0,0,0,0.400,3.700,4.100,0.041,309,42.526,31.090,0,1.118,1.236,1.002,1.221,0.128,2135.037,2999.529,1562.044,1880.760,520.176
Track_310,310,3,0,0,0,0,0,0.200,3.700,3.900,0.022,310,29.062,30.889,0,1.597,1.598,1.597,1.598,8.557E-4,2091.544,2328.653,1837.089,2108.891,201.055
Track_311,311,13,0,0,0,0,0,1.200,3.700,4.900,0.084,311,16.570,27.534,0,0.835,1.723,0.220,0.793,0.481,2108.103,2871.889,1543.858,1956.465,420.648
Track_312,312,3,0,0,0,0,0,0.200,3.700,3.900,0.102,312,9.576,26.517,0,0.745,1.220,0.270,1.220,0.672,2005.715,2220.551,1842.547,1954.047,158.585
Track_313,313,9,0,0,0,0,0,0.800,3.700,4.500,0.161,313,28.658,24.217,0,0.993,1.790,0.459,0.910,0.514,2113.806,2368.389,1551.188,2260.616,256.066
Track_314,314,14,0,0,0,0,0,1.300,3.700,5.000,0.032,314,31.169,10.689,0,0.850,1.618,0.082,0.846,0.504,2418.128,3571.444,1842.690,2468.373,415.390
Track_315,315,2,0,0,0,0,0,0.100,3.700,3.800,0.149,315,47.573,30.674,0,1.491,1.491,1.491,1.491,NaN,1747.025,1951.594,1542.456,1951.594,204.569
Track_316,316,2,0,0,0,0,0,0.100,3.900,4.000,0.085,316,34.961,42.942,0,0.851,0.851,0.851,0.851,NaN,1753.112,1818.667,1687.558,1818.667,65.555
Track_317,317,10,0,0,0,0,0,0.900,3.900,4.800,0.053,317,14.651,39.932,0,0.722,1.699,0.283,0.517,0.470,2248.135,3278.854,1595.346,2157.741,525.751
Track_318,318,2,0,0,0,0,0,0.100,3.900,4.000,0.081,318,16.717,25.602,0,0.807,0.807,0.807,0.807,NaN,2122.914,2423.269,1822.559,2423.269,300.355
Track_319,319,18,0,0,0,0,0,1.700,3.900,5.600,0.120,319,13.046,25.469,0,0.683,1.209,0.175,0.605,0.315,2223.647,3198.186,1540.628,2296.230,465.949
Track_320,320,5,0,0,0,0,0,0.400,3.900,4.300,0.118,320,46.144,5.189,0,1.068,1.868,0.369,1.234,0.640,2105.870,2589.362,1512.412,2146.466,430.567
Track_321,321,8,0,0,0,0,0,0.700,3.900,4.600,0.061,321,15.766,49.183,0,1.005,2.272,0.200,0.869,0.730,2469.212,2981.801,1585.719,2639.801,440.720
Track_322,322,2,0,0,0,0,0,0.100,4.000,4.100,0.152,322,26.085,38.634,0,1.519,1.519,1.519,1.519,NaN,1948.711,2061.682,1835.739,2061.682,112.972
Track_323,323,3,0,0,0,0,0,0.200,4.000,4.200,0.075,323,9.802,17.700,0,0.570,0.779,0.361,0.779,0.296,2336.694,2753.789,1881.461,2374.833,357.146
Track_324,324,3,0,0,0,0,0,0.200,4.100,4.300,0.071,324,9.708,26.614,0,0.526,0.867,0.185,0.867,0.482,1893.058,2057.609,1655.136,1966.430,172.305
Track_325,325,2,0,0,0,0,0,0.100,4.100,4.200,0.062,325,15.919,28.335,0,0.620,0.620,0.620,0.620,NaN,2144.447,2202.165,2086.729,2202.165,57.718
Track_326,326,6,0,0,0,0,0,0.500,4.100,4.600,0.109,326,43.866,12.936,0,0.915,1.596,0.159,1.005,0.532,2008.573,2397.803,1568.290,2172.198,297.830
Track_327,327,2,0,0,0,0,0,0.100,4.100,4.200,0.087,327,11.853,11.248,0,0.873,0.873,0.873,0.873,NaN,2321.845,2547.294,2096.396,2547.294,225.449
Track_328,328,5,0,0,0,0,0,0.400,4.100,4.500,0.096,328,3.406,8.346,0,0.822,1.341,0.326,0.905,0.421,2337.629,2697.041,1915.367,2481.499,321.488
Track_329,329,4,0,0,0,0,0,0.300,4.100,4.400,0.155,329,17.849,8.319,0,1.146,1.564,0.590,1.286,0.502,2276.075,2831.906,2023.742,2151.124,324.080
Track_330,330,7,0,0,0,0,0,0.600,4.100,4.700,0.105,330,29.435,8.877,0,1.756,3.027,0.681,2.070,1.052,1898.053,2142.604,1532.725,1887.471,203.623
Track_331,331,2,0,0,0,0,0,0.100,4.100,4.200,0.044,331,39.226,41.947,0,0.442,0.442,0.442,0.442,NaN,1783.488,2017.032,1549.945,2017.032,233.543
Track_332,332,2,0,0,0,0,0,0.100,4.100,4.200,0.168,332,29.369,40.980,0,1.679,1.679,1.679,1.679,NaN,2106.733,2257.180,1956.285,2257.180,150.447
Track_333,333,4,0,0,0,0,0,0.300,4.100,4.400,0.058,333,11.746,38.381,0,0.335,0.528,0.087,0.389,0.225,2227.658,2797.099,1865.172,2256.252,357.757
Track_334,334,2,0,0,0,0,0,0.100,4.200,4.300,0.069,334,22.176,47.663,0,0.691,0.691,0.691,0.691,NaN,2453.600,2576.248,2330.953,2576.248,122.648
Track_335,335,5,0,0,0,0,0,0.400,4.200,4.600,0.083,335,13.374,47.253,0,0.688,0.840,0.536,0.829,0.169,2212.550,2780.162,1599.679,2211.102,443.949
Track_336,336,4,0,0,0,0,0,0.300,4.200,4.500,0.133,336,34.958,42.908,0,0.824,1.187,0.610,0.675,0.316,2109.735,2566.155,1940.505,1988.539,264.197
Track_337,337,2,0,0,0,0,0,0.100,4.200,4.300,0.090,337,25.237,45.703,0,0.900,0.900,0.900,0.900,NaN,2224.509,2524.336,1924.683,2524.336,299.827
Track_338,338,3,0,0,0,0,0,0.200,4.200,4.400,0.017,338,47.668,22.528,0,0.880,0.940,0.819,0.940,0.086,1917.705,2108.955,1636.469,2007.691,203.116
Track_339,339,13,0,0,0,0,0,1.200,4.200,5.400,0.024,339,16.738,25.506,0,0.728,1.502,0.124,0.827,0.412,2221.959,2814.792,1546.018,2261.393,381.686
Track_340,340,2,0,0,0,0,0,0.100,4.200,4.300,0.089,340,0.591,22.396,0,0.890,0.890,0.890,0.890,NaN,2358.514,2990.979,1726.049,2990.979,632.465
Track_341,341,3,0,0,0,0,0,0.200,4.200,4.400,0.199,341,5.127,15.850,0,1.510,1.794,1.226,1.794,0.402,1764.193,1891.455,1695.826,1705.300,90.070
Track_342,342,5,0,0,0,0,0,0.400,4.200,4.600,0.176,342,2.996,12.286,0,0.808,1.504,0.122,1.389,0.739,1812.004,2077.061,1712.732,1751.568,135.164
Track_343,343,2,0,0,0,0,0,0.100,4.500,4.600,0.128,343,49.865,46.359,0,1.276,1.276,1.276,1.276,NaN,1969.692,2159.421,1779.962,2159.421,189.730
Track_344,344,5,0,0,0,0,0,0.400,4.500,4.900,0.053,344,22.185,47.670,0,0.624,1.258,0.158,0.901,0.546,2159.416,2921.920,1821.658,1973.280,402.882
Track_345,345,2,0,0,0,0,0,0.100,4.500,4.600,0.028,345,39.265,41.925,0,0.276,0.276,0.276,0.276,NaN,2171.041,2535.486,1806.596,2535.486,364.445
Track_346,346,3,0,0,0,0,0,0.200,4.400,4.600,0.059,346,29.363,40.917,0,0.732,1.019,0.445,1.019,0.406,2256.688,2540.935,2076.707,2152.421,203.356
Track_347,347,5,0,0,0,0,0,0.400,4.400,4.800,0.097,347,8.479,45.542,0,0.540,1.136,0.220,0.423,0.407,2090.348,2574.649,1644.821,1985.749,376.516
Track_348,348,9,0,0,0,0,0,0.800,4.400,5.200,0.267,348,1.859,38.031,0,1.099,1.744,0.113,1.347,0.567,1866.135,2727.042,1542.448,1817.958,345.569
Track_349,349,6,0,0,0,0,0,0.500,4.300,4.800,0.094,349,28.450,33.404,0,2.233,3.265,0.726,2.568,0.983,1843.742,2321.873,1551.990,1904.806,268.257
Track_350,350,13,0,0,0,0,0,1.200,4.300,5.500,0.136,350,42.540,31.038,0,1.259,3.113,0.218,1.106,0.863,1968.586,3128.400,1580.392,1944.481,411.436
Track_351,351,4,0,0,0,0,0,0.300,4.400,4.700,0.116,351,9.778,17.741,0,0.672,1.046,0.381,0.590,0.340,2288.925,3237.297,1889.894,2051.465,550.521
Track_352,352,9,0,0,0,0,0,0.800,4.400,5.200,0.148,352,28.994,12.481,0,0.833,1.719,0.089,0.941,0.535,2308.092,3202.078,1553.076,2602.483,575.147
Track_353,353,7,0,0,0,0,0,0.600,4.300,4.900,0.069,353,29.928,8.278,0,0.844,1.375,0.222,1.063,0.478,2099.563,2666.040,1574.678,1980.271,388.718
Track_354,354,9,0,0,0,0,0,0.800,4.500,5.300,0.136,354,46.163,5.177,0,0.878,1.794,0.115,0.787,0.581,2016.987,2754.448,1595.005,1846.531,375.323
Track_355,355,7,0,0,0,0,0,0.600,4.300,4.900,0.067,355,23.378,1.049,0,0.774,1.465,0.592,0.632,0.345,2472.093,3720.751,1623.899,2291.738,653.914
Track_356,356,11,0,0,0,0,0,1.000,4.500,5.500,0.159,356,26.490,7.402,0,1.020,1.703,0.447,1.044,0.457,2199.319,2988.682,1840.395,2079.911,349.617
Track_357,357,2,0,0,0,0,0,0.100,4.300,4.400,0.136,357,33.955,39.017,0,1.358,1.358,1.358,1.358,NaN,1870.289,1970.667,1769.912,1970.667,100.378
Track_358,358,2,0,0,0,0,0,0.100,4.300,4.400,0.097,358,44.815,14.466,0,0.975,0.975,0.975,0.975,NaN,2217.060,2932.014,1502.105,2932.014,714.955
Track_359,359,3,0,0,0,0,0,0.200,4.300,4.500,0.142,359,25.769,20.961,0,0.899,0.907,0.891,0.907,0.011,2105.678,2429.251,1910.437,1977.347,230.425
Track_360,360,2,0,0,0,0,0,0.100,4.400,4.500,0.100,360,0.950,51.100,0,1.000,1.000,1.000,1.000,NaN,1757.717,1949.312,1566.122,1949.312,191.595
Track_361,361,10,0,0,0,0,0,0.900,4.700,5.600,0.086,361,2.209,23.340,0,0.883,1.822,0.184,0.797,0.481,2023.201,2731.173,1595.486,1958.044,327.597
Track_362,362,2,0,0,0,0,0,0.100,4.800,4.900,0.034,362,5.103,15.836,0,0.342,0.342,0.342,0.342,NaN,1999.766,2282.028,1717.504,2282.028,282.262
Track_363,363,6,0,0,0,0,0,0.500,4.700,5.200,0.199,363,0.619,22.363,0,1.519,1.786,1.029,1.598,0.302,2232.902,2662.637,1537.773,2353.964,375.974
Track_364,364,7,0,0,0,0,0,0.600,4.800,5.400,0.109,364,22.803,17.420,0,0.913,1.482,0.276,1.290,0.563,2070.000,2500.353,1650.098,2071.766,284.407
Track_365,365,2,0,0,0,0,0,0.100,4.800,4.900,0.041,365,49.762,15.104,0,0.407,0.407,0.407,0.407,NaN,1891.575,2084.563,1698.586,2084.563,192.989
Track_366,366,2,0,0,0,0,0,0.100,4.800,4.900,0.109,366,43.868,12.970,0,1.092,1.092,1.092,1.092,NaN,1617.820,1688.506,1547.133,1688.506,70.686
Track_367,367,7,0,0,0,0,0,0.600,4.600,5.200,0.097,367,17.839,8.321,0,1.204,1.586,0.845,1.283,0.247,2127.893,3092.804,1583.608,2168.823,486.483
Track_368,368,3,0,0,0,0,0,0.200,4.700,4.900,0.100,368,0.900,51.100,0,1.500,2.000,1.000,2.000,0.707,1694.695,1886.535,1551.250,1646.299,141.092
Track_369,369,3,0,0,0,0,0,0.200,4.800,5.000,0.088,369,15.574,49.305,0,0.896,1.207,0.584,1.207,0.441,1765.505,1851.075,1705.708,1739.733,62.081
Track_370,370,2,0,0,0,0,0,0.100,4.800,4.900,0.107,370,29.319,40.989,0,1.072,1.072,1.072,1.072,NaN,1966.244,1995.388,1937.100,1995.388,29.144
Track_371,371,9,0,0,0,0,0,0.800,4.700,5.500,0.097,371,8.802,42.732,0,0.887,1.738,0.149,1.125,0.569,1900.863,2304.072,1532.702,1944.400,270.961
Track_372,372,3,0,0,0,0,0,0.200,4.800,5.000,0.054,372,17.271,30.543,0,1.046,1.109,0.983,1.109,0.089,2020.755,2266.283,1788.665,2007.316,195.218
Track_373,373,3,0,0,0,0,0,0.200,4.800,5.000,0.230,373,47.543,30.787,0,1.149,1.801,0.497,1.801,0.922,1757.918,1937.350,1601.198,1735.207,138.170
Track_374,374,3,0,0,0,0,0,0.200,4.700,4.900,0.110,374,31.161,30.830,0,1.326,1.551,1.102,1.551,0.318,1935.034,2133.310,1778.650,1893.142,147.788
Track_375,375,4,0,0,0,0,0,0.300,4.800,5.100,0.085,375,9.664,26.547,0,0.836,1.179,0.350,0.979,0.433,2194.554,2789.821,1791.419,2397.742,422.618
Track_376,376,2,0,0,0,0,0,0.100,4.700,4.800,0.088,376,41.760,46.282,0,0.878,0.878,0.878,0.878,NaN,1703.282,1881.168,1525.396,1881.168,177.886
Track_377,377,2,0,0,0,0,0,0.100,5.000,5.100,0.021,377,39.305,41.962,0,0.208,0.208,0.208,0.208,NaN,1698.294,1868.045,1528.543,1868.045,169.751
Track_378,378,2,0,0,0,0,0,0.100,5.000,5.100,0.094,378,13.829,40.877,0,0.935,0.935,0.935,0.935,NaN,1650.486,1696.388,1604.584,1696.388,45.902
Track_379,379,6,0,0,0,0,0,0.500,4.900,5.400,0.300,379,7.330,33.987,0,1.233,2.453,0.444,1.061,0.739,2180.927,2596.479,1657.474,2315.070,316.895
Track_380,380,4,0,0,0,0,0,0.300,4.900,5.200,0.083,380,35.291,32.339,0,0.958,1.033,0.896,0.944,0.069,1711.137,1836.627,1559.582,1807.302,114.976
Track_381,381,10,0,0,0,0,0,0.900,5.000,5.900,0.037,381,28.679,24.210,0,1.121,1.780,0.267,1.305,0.480,1981.412,2739.365,1514.786,2014.708,376.984
Track_382,382,6,0,0,0,0,0,0.500,4.900,5.400,0.020,382,44.790,14.530,0,1.069,1.677,0.630,1.025,0.379,2081.703,2545.893,1537.953,2227.797,383.883
Track_383,383,6,0,0,0,0,0,0.500,5.000,5.500,0.131,383,3.019,12.270,0,0.896,1.251,0.464,0.893,0.288,2135.068,3027.329,1636.520,2125.242,462.457
Track_384,384,8,0,0,0,0,0,0.700,5.000,5.700,0.133,384,27.706,11.891,0,0.705,1.247,0.386,0.735,0.284,2529.460,2873.109,1851.173,2632.796,286.620
Track_385,385,2,0,0,0,0,0,0.100,4.600,4.700,0.119,385,44.834,14.424,0,1.190,1.190,1.190,1.190,NaN,2158.667,2192.663,2124.671,2192.663,33.996
Track_386,386,2,0,0,0,0,0,0.100,4.600,4.700,0.207,386,1.093,22.133,0,2.067,2.067,2.067,2.067,NaN,2221.479,2483.659,1959.300,2483.659,262.180
Track_387,387,3,0,0,0,0,0,0.200,5.100,5.300,0.197,387,29.359,40.889,0,0.984,1.116,0.853,1.116,0.186,1925.904,2339.710,1589.868,1848.133,311.022
Track_388,388,8,0,0,0,0,0,0.700,5.200,5.900,0.134,388,8.435,45.572,0,1.028,1.848,0.226,1.215,0.617,2036.201,2662.420,1553.135,2019.681,352.586
Track_389,389,8,0,0,0,0,0,0.700,5.200,5.900,0.107,389,0.695,37.036,0,0.651,1.177,0.191,0.530,0.350,2081.286,2647.534,1545.518,2074.003,310.073
Track_390,390,6,0,0,0,0,0,0.500,5.100,5.600,0.043,390,33.949,39.013,0,0.878,1.060,0.619,0.925,0.163,1861.883,2052.327,1508.785,1923.860,173.265
Track_391,391,5,0,0,0,0,0,0.400,5.100,5.500,0.108,391,28.511,33.497,0,1.142,1.800,0.034,1.796,0.843,1929.362,2321.441,1533.494,1960.249,287.590
Track_392,392,2,0,0,0,0,0,0.100,5.200,5.300,0.175,392,7.556,27.579,0,1.748,1.748,1.748,1.748,NaN,1793.237,2002.994,1583.480,2002.994,209.757
Track_393,393,3,0,0,0,0,0,0.200,5.100,5.300,0.129,393,49.759,15.143,0,0.681,0.888,0.475,0.888,0.292,2374.916,2670.564,2020.939,2433.245,268.396
Track_394,394,2,0,0,0,0,0,0.100,5.200,5.300,0.279,394,18.346,22.355,0,2.788,2.788,2.788,2.788,NaN,2262.645,2548.303,1976.986,2548.303,285.659
Track_395,395,7,0,0,0,0,0,0.600,5.100,5.700,0.179,395,3.413,8.332,0,0.753,1.412,0.303,0.985,0.456,2287.160,2765.625,2032.961,2178.155,259.334
Track_396,396,9,0,0,0,0,0,0.800,5.100,5.900,0.246,396,29.937,8.294,0,1.156,1.774,0.624,1.446,0.490,2376.132,3106.521,1532.942,2499.433,476.195
Track_397,397,8,0,0,0,0,0,0.700,5.200,5.900,0.083,397,31.125,10.668,0,0.787,1.491,0.133,0.856,0.564,2247.685,3178.209,1852.859,2061.491,439.357
Track_398,398,3,0,0,0,0,0,0.200,5.200,5.400,0.042,398,17.676,5.318,0,0.699,0.907,0.491,0.907,0.294,2346.589,3191.084,1754.188,2094.496,613.097
Track_399,399,8,0,0,0,0,0,0.700,5.200,5.900,0.123,399,40.685,3.072,0,1.022,1.533,0.373,1.054,0.381,2235.317,2915.577,1599.513,2389.563,415.077
Track_400,400,3,0,0,0,0,0,0.200,5.300,5.500,0.080,400,33.480,18.724,0,1.686,1.835,1.538,1.835,0.210,2034.017,2252.301,1858.855,1990.894,163.492
Track_401,401,7,0,0,0,0,0,0.600,5.300,5.900,0.100,401,51.088,8.949,0,0.654,1.015,0.000,1.000,0.508,2234.304,2463.030,1925.068,2287.382,183.009
Track_402,402,4,0,0,0,0,0,0.300,5.300,5.600,0.065,402,17.643,42.780,0,1.029,1.389,0.460,1.238,0.498,2205.301,2401.159,1887.801,2277.537,191.589
Track_403,403,3,0,0,0,0,0,0.200,5.300,5.500,0.094,403,17.297,30.586,0,1.194,1.474,0.914,1.474,0.396,1774.549,2009.369,1634.367,1679.910,167.081
Track_404,404,3,0,0,0,0,0,0.200,5.400,5.600,0.100,404,16.529,27.516,0,0.921,1.414,0.427,1.414,0.698,2110.710,2615.431,1606.623,2110.077,411.844
Track_405,405,2,0,0,0,0,0,0.100,5.400,5.500,0.034,405,25.215,27.011,0,0.338,0.338,0.338,0.338,NaN,2491.778,2503.128,2480.428,2503.128,11.350
Track_406,406,6,0,0,0,0,0,0.500,5.400,5.900,0.110,406,0.575,22.336,0,0.341,0.739,0.083,0.223,0.281,2279.640,2813.475,1689.161,2329.404,353.706
Track_407,407,3,0,0,0,0,0,0.200,5.400,5.600,0.114,407,5.086,15.880,0,1.231,1.556,0.906,1.556,0.460,1863.480,2256.879,1577.490,1756.073,287.570
Track_408,408,6,0,0,0,0,0,0.500,5.400,5.900,0.068,408,44.716,9.621,0,0.589,1.170,0.190,0.524,0.397,2036.440,2261.294,1748.396,2004.783,174.677
Track_409,409,3,0,0,0,0,0,0.200,5.400,5.600,0.031,409,17.797,8.301,0,0.857,1.010,0.705,1.010,0.216,1835.695,2059.095,1597.824,1850.164,188.591
Track_410,410,5,0,0,0,0,0,0.400,5.500,5.900,0.105,410,19.088,1.160,0,0.436,0.785,0.066,0.682,0.351,2416.705,3360.667,1772.199,2093.050,589.023
Track_411,411,4,0,0,0,0,0,0.300,5.500,5.800,0.077,411,46.167,5.161,0,0.464,0.952,0.094,0.344,0.441,2184.303,2873.774,1637.754,2322.072,466.866
Track_412,412,2,0,0,0,0,0,0.100,5.500,5.600,0.048,412,29.813,39.934,0,0.477,0.477,0.477,0.477,NaN,2140.733,2143.037,2138.430,2143.037,2.304
Track_413,413,3,0,0,0,0,0,0.200,5.500,5.700,0.065,413,47.483,30.723,0,0.783,0.960,0.607,0.960,0.250,1674.738,1775.245,1509.851,1739.116,117.522
Track_414,414,5,0,0,0,0,0,0.400,5.500,5.900,0.090,414,49.809,15.131,0,0.636,0.898,0.161,0.787,0.327,2253.082,2602.889,1957.573,2212.211,240.997
Track_415,415,5,0,0,0,0,0,0.400,5.500,5.900,0.348,415,18.758,22.437,0,2.138,3.032,1.227,2.562,0.811,2069.640,2447.788,1713.397,2051.447,235.534
Track_416,416,4,0,0,0,0,0,0.300,5.600,5.900,0.078,416,1.505,39.746,0,0.774,1.500,0.184,0.637,0.669,1816.108,2060.486,1590.879,1927.560,187.034
Track_417,417,4,0,0,0,0,0,0.300,5.600,5.900,0.176,417,29.384,40.916,0,0.790,1.400,0.464,0.507,0.528,2033.671,2245.541,1854.118,2063.401,143.057
Track_418,418,2,0,0,0,0,0,0.100,5.600,5.700,0.028,418,7.482,33.986,0,0.283,0.283,0.283,0.283,NaN,1881.115,2260.352,1501.879,2260.352,379.236
Track_419,419,4,0,0,0,0,0,0.300,5.600,5.900,0.175,419,35.258,32.282,0,0.806,1.171,0.530,0.715,0.330,2136.515,2528.650,1780.898,2209.605,272.759
Track_420,420,4,0,0,0,0,0,0.300,5.600,5.900,0.065,420,31.501,23.224,0,1.023,1.348,0.685,1.035,0.332,2137.530,2409.369,1711.170,2237.393,259.152
Track_421,421,4,0,0,0,0,0,0.300,5.600,5.900,0.090,421,15.886,16.357,0,0.587,1.017,0.329,0.413,0.375,2204.163,2715.809,1904.731,2215.872,316.907
Track_422,422,3,0,0,0,0,0,0.200,5.600,5.800,0.149,422,29.009,12.502,0,0.746,1.258,0.234,1.258,0.724,1915.343,2093.150,1651.014,2001.867,190.588
Track_423,423,3,0,0,0,0,0,0.200,5.700,5.900,0.095,423,8.769,42.774,0,0.722,0.743,0.700,0.743,0.031,2009.757,2281.547,1670.053,2077.670,254.218
Track_424,424,2,0,0,0,0,0,0.100,5.700,5.800,0.079,424,15.673,49.209,0,0.790,0.790,0.790,0.790,NaN,1930.310,2102.979,1757.641,2102.979,172.669
Track_425,425,3,0,0,0,0,0,0.200,5.700,5.900,0.090,425,1.814,38.013,0,0.668,0.683,0.653,0.683,0.021,1858.175,2156.678,1612.502,1805.345,225.278
Track_426,426,2,0,0,0,0,0,0.100,5.700,5.800,0.073,426,28.572,33.495,0,0.734,0.734,0.734,0.734,NaN,2034.778,2418.428,1651.127,2418.428,383.651
Track_427,427,3,0,0,0,0,0,0.200,5.700,5.900,0.094,427,25.335,27.742,0,1.999,2.410,1.588,2.410,0.581,2126.661,2906.887,1698.866,1774.230,552.560
Track_428,428,3,0,0,0,0,0,0.200,5.700,5.900,0.042,428,17.353,30.562,0,0.803,0.967,0.639,0.967,0.232,2087.029,2515.267,1618.147,2127.674,367.373
Track_429,429,3,0,0,0,0,0,0.200,5.700,5.900,0.133,429,28.403,29.892,0,1.584,2.246,0.921,2.246,0.937,1738.027,2051.805,1534.491,1627.785,225.120
Track_430,430,3,0,0,0,0,0,0.200,5.700,5.900,0.051,430,22.785,17.338,0,1.180,1.426,0.933,1.426,0.349,2698.299,3145.394,2015.938,2933.566,490.191
Track_431,431,2,0,0,0,0,0,0.100,5.700,5.800,0.161,431,45.791,15.006,0,1.612,1.612,1.612,1.612,NaN,2298.433,2430.704,2166.163,2430.704,132.271
Track_432,432,3,0,0,0,0,0,0.200,5.700,5.900,0.089,432,44.608,0.327,0,1.391,1.808,0.974,1.808,0.590,1877.757,2317.759,1651.911,1663.602,311.165
Track_433,433,2,0,0,0,0,0,0.100,5.800,5.900,0.120,433,33.947,39.042,0,1.202,1.202,1.202,1.202,NaN,1683.163,1847.213,1519.113,1847.213,164.050
Track_434,434,2,0,0,0,0,0,0.100,5.800,5.900,0.071,434,16.584,27.583,0,0.707,0.707,0.707,0.707,NaN,2359.879,2601.455,2118.302,2601.455,241.577
Track_435,435,2,0,0,0,0,0,0.100,5.800,5.900,0.031,435,2.211,23.312,0,0.314,0.314,0.314,0.314,NaN,1977.209,2042.562,1911.856,2042.562,65.353
Track_436,436,2,0,0,0,0,0,0.100,5.800,5.900,0.049,436,43.528,20.491,0,0.487,0.487,0.487,0.487,NaN,2110.064,2308.241,1911.887,2308.241,198.177
Track_437,437,2,0,0,0,0,0,0.100,5.800,5.900,0.035,437,3.164,13.351,0,0.348,0.348,0.348,0.348,NaN,2077.304,2250.199,1904.409,2250.199,172.895
Track_438,438,2,0,0,0,0,0,0.100,5.800,5.900,0.073,438,34.656,9.678,0,0.729,0.729,0.729,0.729,NaN,1647.277,1653.823,1640.732,1653.823,6.545
Track_439,439,2,0,0,0,0,0,0.100,5.800,5.900,0.055,439,8.296,39.397,0,0.546,0.546,0.546,0.546,NaN,1947.633,2067.757,1827.509,2067.757,120.124
Track_440,440,2,0,0,0,0,0,0.100,5.100,5.200,0.118,440,22.168,47.652,0,1.184,1.184,1.184,1.184,NaN,2195.568,2266.780,2124.357,2266.780,71.211
