,Label,TRACK_ID,NUMBER_SPOTS,NUMBER_GAPS,LONGEST_GAP,NUMBER_SPLITS,NUMBER_MERGES,NUMBER_COMPLEX,TRACK_DURATION,TRACK_START,TRACK_STOP,TRACK_DISPLACEMENT,TRACK_INDEX,TRACK_X_LOCATION,TRACK_Y_LOCATION,TRACK_Z_LOCATION,TRACK_MEAN_SPEED,TRACK_MAX_SPEED,TRACK_MIN_SPEED,TRACK_MEDIAN_SPEED,TRACK_STD_SPEED,TRACK_MEAN_QUALITY,TRACK_MAX_QUALITY,TRACK_MIN_QUALITY,TRACK_MEDIAN_QUALITY,TRACK_STD_QUALITY
0,Track_0,0,6,0,0,0,0,0,0.9116179541977941,0.0,0.5,0.156,0,0.972,1.7919999999999998,0,0.925,1.354,0.43700000000000006,0.917,0.38299999999999995,1871.017,2315.6639999999998,1540.6170000000002,1903.227,243.553
1,Track_1,1,7,0,0,0,0,0,0.26863819848045717,0.0,0.6,0.054000000000000006,1,27.305,47.968999999999994,0,1.079,2.1630000000000003,0.6509999999999999,0.9,0.5660000000000001,2042.3220000000001,2872.583,1637.41,1809.781,458.286
2,Track_2,2,4,0,0,0,0,0,2.018513275789914,0.1,0.4,0.266,2,39.154,47.108000000000004,0,1.015,1.817,0.597,0.629,0.695,1928.856,2252.3160000000003,1525.839,2063.052,268.348
3,Track_3,3,4,0,0,0,0,0,0.7284453103653558,0.1,0.4,0.152,3,22.129,48.347,0,0.6409999999999999,0.9570000000000001,0.435,0.529,0.278,2000.7579999999998,2354.505,1788.489,2013.605,220.327
4,Track_4,4,3,0,0,0,0,0,1.2758350108008039,0.0,0.2,0.057,4,6.026,48.089,0,1.157,1.287,1.0270000000000001,1.287,0.184,2330.907,3006.634,1988.065,1998.023,477.82800000000003
5,Track_5,5,3,0,0,0,0,0,1.1066127135811452,0.0,0.2,0.084,5,13.309000000000001,42.591,0,0.956,1.232,0.68,1.232,0.39,2146.589,2388.843,1959.915,2091.011,179.465
6,Track_6,6,3,0,0,0,0,0,0.9495797662346234,0.0,0.2,0.09,6,14.503,45.482,0,0.516,0.747,0.285,0.747,0.327,2079.145,2164.895,2014.567,2057.973,63.17100000000001
7,Track_7,7,3,0,0,0,0,0,0.1442458595616909,0.1,0.3,0.182,7,50.431999999999995,42.92100000000001,0,1.3130000000000002,2.16,0.466,2.16,1.198,1901.088,2069.5370000000003,1815.463,1818.265,119.116
8,Track_8,8,9,0,0,0,0,0,0.9962754882087033,0.0,0.8,0.135,8,38.83,39.284,0,1.0,1.6980000000000002,0.23,1.261,0.5579999999999999,1926.9879999999998,2278.822,1558.4579999999999,1921.2979999999998,229.174
9,Track_9,9,16,0,0,0,0,0,0.69052747015293,0.0,1.5,0.062,9,26.997,37.972,0,0.647,1.287,0.215,0.5710000000000001,0.293,2265.72,2971.849,1544.281,2379.574,382.582
10,Track_10,10,8,0,0,0,0,0,1.1433188891262647,0.0,0.7,0.057,10,11.800999999999998,40.088,0,0.596,1.2229999999999999,0.32299999999999995,0.37799999999999995,0.342,2207.804,2921.824,1836.0810000000001,2199.988,329.533
11,Track_11,11,6,0,0,0,0,0,2.663625011867476,0.0,0.5,0.013000000000000001,11,17.019000000000002,39.895,0,0.81,1.7080000000000002,0.062,0.78,0.695,2450.666,3108.325,1688.8129999999999,2588.646,448.92699999999996
12,Track_12,12,34,0,0,0,0,0,0.8128093306952201,0.0,3.3,0.16899999999999998,12,10.144,34.836,0,1.149,2.112,0.19699999999999998,0.996,0.467,2229.096,3321.883,1593.19,2211.0570000000002,423.842
13,Track_13,13,16,0,0,0,0,0,0.7001313949174733,0.0,1.5,0.16899999999999998,13,0.529,34.99,0,0.802,1.376,0.192,0.9790000000000001,0.42700000000000005,2197.681,3110.619,1522.114,2175.937,424.03
14,Track_14,14,3,0,0,0,0,0,0.9910723683052675,0.1,0.3,0.14400000000000002,14,44.251999999999995,37.659,0,0.889,1.285,0.493,1.285,0.56,1883.388,2321.626,1656.1570000000002,1672.38,309.952
15,Track_15,15,4,0,0,0,0,0,1.1569300174791513,0.1,0.4,0.098,15,18.19,35.621,0,0.568,0.698,0.35,0.655,0.19,2006.8139999999999,2206.87,1690.2820000000002,2148.814,200.643
16,Track_16,16,10,0,0,0,0,0,4.581842181059858,0.0,0.9,0.10800000000000001,16,12.245,28.355,0,1.6580000000000001,2.86,1.035,1.161,0.789,2333.88,2861.598,1755.0629999999999,2539.526,395.655
17,Track_17,17,3,0,0,0,0,0,0.43450941788045705,0.0,0.2,0.096,17,15.075999999999999,32.586,0,0.555,0.779,0.33,0.779,0.317,2512.278,2673.2509999999997,2200.0860000000002,2663.4959999999996,220.78900000000002
18,Track_18,18,9,0,0,0,0,0,2.7325094819316513,0.0,0.8,0.094,18,24.109,26.107,0,0.853,1.935,0.252,0.809,0.5710000000000001,2257.822,2518.306,1924.6170000000002,2334.103,218.968
19,Track_19,19,8,0,0,0,0,0,0.33978802884900594,0.1,0.8,0.10099999999999999,19,16.593,27.557,0,0.633,1.294,0.168,0.525,0.426,2530.202,3820.542,2065.15,2434.742,520.518
20,Track_20,20,6,0,0,0,0,0,1.5590275360788448,0.0,0.5,0.065,20,21.759,23.969,0,0.639,1.107,0.235,0.693,0.344,2135.699,2571.201,1531.614,2560.849,441.19599999999997
21,Track_21,21,31,0,0,0,0,0,0.0628524828012472,0.0,3.0,0.29600000000000004,21,14.040999999999999,23.828000000000003,0,0.7859999999999999,2.0909999999999997,0.092,0.695,0.45299999999999996,2181.607,3180.887,1548.2220000000002,2080.702,390.07300000000004
22,Track_22,22,8,0,0,0,0,0,0.6532333270946533,0.1,0.8,0.099,22,23.604,20.109,0,0.775,1.28,0.281,0.708,0.313,2701.491,3612.5229999999997,2078.717,2426.224,550.8969999999999
23,Track_23,23,7,0,0,0,0,0,0.44526019868114447,0.0,0.6,0.040999999999999995,23,45.601000000000006,19.859,0,0.9670000000000001,1.2790000000000001,0.575,1.042,0.271,2135.938,2963.5890000000004,1645.78,2065.792,421.915
24,Track_24,24,8,0,0,0,0,0,0.9407992273294132,0.0,0.7,0.053,24,15.017999999999999,22.820999999999998,0,1.102,1.403,0.733,1.138,0.20199999999999999,2177.06,2511.885,1842.2,2210.9429999999998,272.298
25,Track_25,25,8,0,0,0,0,0,1.1560782786259367,0.0,0.7,0.068,25,33.619,20.711,0,0.802,1.2919999999999998,0.426,0.883,0.326,2221.416,2725.143,1709.283,2189.356,358.94800000000004
26,Track_26,26,9,0,0,0,0,0,0.20350930412986995,0.1,0.9,0.223,26,23.805999999999997,18.511,0,0.784,2.237,0.18,0.67,0.62,2350.035,2985.61,1699.5479999999998,2332.576,409.288
27,Track_27,27,6,0,0,0,0,0,2.994324652215085,0.0,0.5,0.065,27,4.91,16.128,0,1.061,1.26,0.5760000000000001,1.2409999999999999,0.297,1916.866,2282.325,1621.487,1846.3239999999998,250.41299999999998
28,Track_28,28,15,0,0,0,0,0,0.15495917109800453,0.0,1.4,0.096,28,7.867999999999999,19.908,0,0.767,1.3730000000000002,0.125,0.9259999999999999,0.45,2522.86,3728.973,1885.19,2302.1020000000003,544.143
29,Track_29,29,4,0,0,0,0,0,3.276423716849554,0.0,0.3,0.13699999999999998,29,49.677,15.171,0,1.092,1.524,0.593,1.16,0.469,2108.143,2544.0589999999997,1669.1470000000002,2198.405,315.63
30,Track_30,30,6,0,0,0,0,0,2.0961509457664413,0.0,0.5,0.05,30,6.5920000000000005,14.947000000000001,0,1.057,1.6840000000000002,0.191,1.0590000000000002,0.5660000000000001,2148.152,2678.986,1511.45,2322.192,463.87
31,Track_31,31,16,0,0,0,0,0,0.7969229284960884,0.0,1.5,0.027000000000000003,31,38.17,10.799000000000001,0,0.596,0.986,0.35,0.488,0.22,3704.671,4805.6359999999995,2259.006,3650.653,660.948
32,Track_32,32,4,0,0,0,0,0,0.5662078669773517,0.0,0.3,0.14400000000000002,32,31.249000000000002,10.637,0,0.602,0.758,0.442,0.606,0.158,2300.531,2699.8579999999997,1950.745,2406.792,281.682
33,Track_33,33,3,0,0,0,0,0,2.2091394994991504,0.0,0.2,0.07400000000000001,33,48.25,11.449000000000002,0,0.7120000000000001,0.997,0.42700000000000005,0.997,0.40299999999999997,1892.655,2167.085,1588.6529999999998,1922.226,237.06799999999998
34,Track_34,34,11,0,0,0,0,0,0.09847606169368642,0.0,1.0,0.121,34,6.242999999999999,10.898,0,0.747,1.47,0.215,0.645,0.386,2496.465,3136.8140000000003,1552.3370000000002,2447.9429999999998,474.714
35,Track_35,35,9,0,0,0,0,0,0.3500119352012372,0.0,0.8,0.193,35,22.793000000000003,6.905,0,0.711,1.123,0.248,0.743,0.26899999999999996,2579.476,3268.347,1509.8020000000001,2693.772,513.991
36,Track_36,36,23,0,0,0,0,0,0.6567726274357125,0.0,2.2,0.11900000000000001,36,38.635999999999996,6.291,0,0.747,1.685,0.147,0.75,0.38,2336.746,3075.8320000000003,1594.85,2208.1479999999997,353.236
37,Track_37,37,2,0,0,0,0,0,0.49817161144409006,0.1,0.2,0.036000000000000004,37,10.145,9.14,0,0.36,0.36,0.36,0.36,,2139.6839999999997,2334.266,1945.102,2334.266,194.582
38,Track_38,38,15,0,0,0,0,0,0.3827399308729447,0.0,1.4,0.09,38,42.12,7.8389999999999995,0,0.94,1.905,0.217,1.0070000000000001,0.47700000000000004,2734.7690000000002,3757.192,2091.688,2651.6020000000003,435.25199999999995
39,Track_39,39,9,0,0,0,0,0,1.4065063957301072,0.0,0.8,0.048,39,16.784000000000002,4.946000000000001,0,0.821,1.264,0.21899999999999997,0.8029999999999999,0.332,2653.263,3458.475,2338.777,2439.8579999999997,405.92400000000004
40,Track_40,40,7,0,0,0,0,0,2.5308233238459987,0.0,0.6,0.361,40,25.596,5.65,0,1.242,2.044,0.45399999999999996,1.1540000000000001,0.633,2584.846,3042.316,2041.4370000000001,2699.21,385.616
41,Track_41,41,26,0,0,0,0,0,0.8025480462260484,0.0,2.5,0.044000000000000004,41,5.569,5.06,0,0.815,1.784,0.122,0.715,0.474,2592.302,3674.761,1586.611,2645.7940000000003,484.668
42,Track_42,42,21,0,0,0,0,0,1.3838467247644415,0.0,2.0,0.17800000000000002,42,5.065,3.0260000000000002,0,0.708,1.581,0.15,0.664,0.36700000000000005,2583.6639999999998,3311.855,1767.844,2478.72,438.27099999999996
43,Track_43,43,12,0,0,0,0,0,0.18620828166886672,0.0,1.1,0.099,43,15.798,2.351,0,1.345,2.98,0.605,1.208,0.775,2365.248,3080.64,1780.0529999999999,2255.3089999999997,413.61800000000005
44,Track_44,44,3,0,0,0,0,0,0.3969856885185369,0.0,0.2,0.068,44,50.608999999999995,4.628,0,0.564,0.8690000000000001,0.259,0.8690000000000001,0.431,2356.719,2942.111,1798.979,2329.0679999999998,467.091
45,Track_45,45,14,0,0,0,0,0,0.2877720630461556,0.0,1.3,0.109,45,18.494,4.3839999999999995,0,0.7859999999999999,1.205,0.28600000000000003,0.805,0.257,2182.869,3022.219,1553.6660000000002,2072.48,375.71
46,Track_46,46,2,0,0,0,0,0,1.2297539549237158,0.2,0.3,0.163,46,41.132,50.035,0,1.633,1.633,1.633,1.633,,1772.425,1952.2379999999998,1592.612,1952.2379999999998,179.813
47,Track_47,47,6,0,0,0,0,0,0.379626765690801,0.2,0.7,0.034,47,47.964,42.879,0,1.046,2.166,0.228,0.6,0.836,2158.856,2313.903,1933.213,2190.0389999999998,113.68
48,Track_48,48,3,0,0,0,0,0,1.543944796029752,0.2,0.4,0.13699999999999998,48,32.47,31.136999999999997,0,0.907,1.237,0.5770000000000001,1.237,0.466,2019.0279999999998,2782.522,1605.954,1668.609,540.477
49,Track_49,49,12,0,0,0,0,0,0.9836987595018354,0.2,1.3,0.10300000000000001,49,11.575999999999999,25.884,0,1.198,2.287,0.321,1.112,0.652,2205.705,2801.937,1680.516,2190.558,295.89
50,Track_50,50,3,0,0,0,0,0,0.09502926185794949,0.2,0.4,0.057999999999999996,50,28.744,24.35,0,0.8,0.82,0.7809999999999999,0.82,0.027999999999999997,1739.023,1817.115,1633.0770000000002,1766.878,77.672
51,Track_51,51,3,0,0,0,0,0,0.09195674872192945,0.2,0.4,0.017,51,37.678000000000004,21.381,0,1.784,1.8330000000000002,1.736,1.8330000000000002,0.069,1776.165,1982.8139999999999,1591.8529999999998,1753.829,160.389
52,Track_52,52,9,0,0,0,0,0,1.1597399669945128,0.2,1.0,0.068,52,3.372,8.269,0,0.653,1.217,0.184,0.7909999999999999,0.34700000000000003,2356.565,2952.468,1671.95,2418.475,439.18300000000005
53,Track_53,53,32,0,0,0,0,0,0.22943646831820222,0.3,3.4,0.048,53,15.14,16.014,0,0.8640000000000001,1.545,0.10400000000000001,0.8959999999999999,0.45399999999999996,2420.751,3542.937,1554.338,2412.49,432.161
54,Track_54,54,3,0,0,0,0,0,1.5163116654462196,0.3,0.5,0.065,54,50.675,12.800999999999998,0,0.685,0.7070000000000001,0.662,0.7070000000000001,0.032,2100.3070000000002,2199.299,1937.138,2164.484,116.25
55,Track_55,55,9,0,0,0,0,0,0.25598046907974015,0.3,1.1,0.111,55,10.203,11.71,0,1.214,2.406,0.375,1.046,0.6779999999999999,2071.601,3102.502,1618.984,1971.026,431.58099999999996
56,Track_56,56,3,0,0,0,0,0,0.6194468526655329,0.3,0.5,0.069,56,40.469,9.208,0,0.405,0.46299999999999997,0.34700000000000003,0.46299999999999997,0.08199999999999999,2397.187,2631.422,1960.569,2599.5679999999998,309.009
57,Track_57,57,14,0,0,0,0,0,0.1673779462197187,0.3,1.6,0.038,57,17.955,1.249,0,0.841,2.011,0.324,0.823,0.475,2533.031,3338.402,1899.195,2649.449,443.788
58,Track_58,58,2,0,0,0,0,0,3.293994135412087,0.3,0.4,0.139,58,25.226,46.74100000000001,0,1.3940000000000001,1.3940000000000001,1.3940000000000001,1.3940000000000001,,2194.498,2466.792,1922.204,2466.792,272.29400000000004
59,Track_59,59,11,0,0,0,0,0,3.2823684554062194,0.3,1.3,0.067,59,21.003,48.088,0,1.0070000000000001,1.8659999999999999,0.18100000000000002,0.9359999999999999,0.58,2080.315,2571.994,1776.975,2063.801,252.61900000000003
60,Track_60,60,3,0,0,0,0,0,0.14392506856139206,0.3,0.5,0.062,60,13.402999999999999,40.437,0,0.565,0.8690000000000001,0.262,0.8690000000000001,0.429,2443.931,2629.8990000000003,2292.958,2408.936,139.764
61,Track_61,61,5,0,0,0,0,0,1.1473175487266836,0.3,0.7,0.11699999999999999,61,21.938000000000002,27.485,0,0.757,0.905,0.665,0.735,0.10300000000000001,1797.3129999999999,2284.283,1542.4820000000002,1660.624,266.251
62,Track_62,62,4,0,0,0,0,0,0.2508714186587665,0.3,0.6,0.14800000000000002,62,38.941,28.294,0,1.557,2.497,0.611,1.564,0.943,1705.4579999999999,2040.957,1535.8329999999999,1691.007,202.774
63,Track_63,63,3,0,0,0,0,0,2.54412014618159,0.3,0.5,0.07400000000000001,63,47.163000000000004,26.475,0,0.963,1.102,0.8240000000000001,1.102,0.19699999999999998,1900.118,2237.573,1537.8629999999998,1924.9189999999999,286.193
64,Track_64,64,2,0,0,0,0,0,2.46471639078651,0.3,0.4,0.3,64,1.05,51.1,0,3.0,3.0,3.0,3.0,,1518.594,1530.366,1506.8210000000001,1530.366,11.773
65,Track_65,65,4,0,0,0,0,0,1.1370671592182982,0.4,0.7,0.036000000000000004,65,14.859000000000002,8.33,0,0.775,0.845,0.727,0.754,0.062,2381.5879999999997,2534.843,2204.022,2462.215,127.17
66,Track_66,66,7,0,0,0,0,0,0.4988666294601775,0.4,1.0,0.16,66,48.178000000000004,11.448,0,1.171,1.742,0.892,1.084,0.325,1885.4160000000002,2276.726,1536.243,1752.996,288.922
67,Track_67,67,12,0,0,0,0,0,0.2567169416884726,0.4,1.5,0.159,67,0.732,42.451,0,1.252,1.902,0.7,1.2830000000000001,0.375,1894.431,2585.219,1566.5839999999998,1854.128,260.955
68,Track_68,68,3,0,0,0,0,0,1.365615332772793,0.4,0.6,0.076,68,13.345999999999998,42.604,0,0.579,0.818,0.34,0.818,0.33799999999999997,1854.308,2004.692,1740.391,1817.84,110.939
69,Track_69,69,5,0,0,0,0,0,1.2599591799637393,0.5,0.9,0.073,69,49.693000000000005,15.200999999999999,0,0.7240000000000001,1.208,0.47100000000000003,0.708,0.33899999999999997,2066.149,2466.876,1522.414,2032.96,342.575
70,Track_70,70,2,0,0,0,0,0,0.8826324025763727,0.5,0.6,0.09699999999999999,70,31.279,10.710999999999999,0,0.973,0.973,0.973,0.973,,2492.5429999999997,2700.079,2285.007,2700.079,207.53599999999997
71,Track_71,71,5,0,0,0,0,0,0.13803916784853854,0.5,0.9,0.09,71,20.46,9.734,0,0.853,1.1340000000000001,0.478,0.948,0.276,2347.759,3148.027,1643.4229999999998,2291.674,601.276
72,Track_72,72,6,0,0,0,0,0,2.685395398964904,0.5,1.0,0.168,72,44.297,37.669000000000004,0,0.742,1.6280000000000001,0.38299999999999995,0.532,0.516,1880.761,2605.9139999999998,1552.2620000000002,1693.1370000000002,380.26599999999996
73,Track_73,73,2,0,0,0,0,0,0.6633787590702154,0.0,0.1,0.109,73,13.329,40.442,0,1.091,1.091,1.091,1.091,,1790.3120000000001,2004.5929999999998,1576.0320000000002,2004.5929999999998,214.28
74,Track_74,74,2,0,0,0,0,0,1.592812710023833,0.0,0.1,0.14,74,47.17100000000001,26.449,0,1.399,1.399,1.399,1.399,,2624.0820000000003,2809.1740000000004,2438.99,2809.1740000000004,185.092
75,Track_75,75,2,0,0,0,0,0,0.07258384482019603,0.0,0.1,0.10400000000000001,75,38.996,28.160999999999998,0,1.041,1.041,1.041,1.041,,1836.2179999999998,1926.89,1745.545,1926.89,90.67299999999999
76,Track_76,76,2,0,0,0,0,0,0.42957792015239293,0.0,0.1,0.086,76,21.878,27.499000000000002,0,0.858,0.858,0.858,0.858,,2013.682,2478.853,1548.51,2478.853,465.171
77,Track_77,77,2,0,0,0,0,0,1.169886680999827,0.0,0.1,0.08,77,1.581,25.545,0,0.799,0.799,0.799,0.799,,3076.913,3778.667,2375.159,3778.667,701.7539999999999
78,Track_78,78,2,0,0,0,0,0,1.5746147190455315,0.0,0.1,0.11699999999999999,78,49.028999999999996,12.831,0,1.169,1.169,1.169,1.169,,1893.391,2095.625,1691.158,2095.625,202.234
79,Track_79,79,2,0,0,0,0,0,1.0578966782931294,0.0,0.1,0.077,79,10.226,11.664000000000001,0,0.773,0.773,0.773,0.773,,2152.458,2337.353,1967.5620000000001,2337.353,184.895
80,Track_80,80,2,0,0,0,0,0,2.253087561413631,0.0,0.1,0.188,80,48.386,4.834,0,1.8780000000000001,1.8780000000000001,1.8780000000000001,1.8780000000000001,,2000.9979999999998,2246.762,1755.233,2246.762,245.765
81,Track_81,81,2,0,0,0,0,0,0.40377911221331253,0.0,0.1,0.141,81,17.965,1.225,0,1.413,1.413,1.413,1.413,,1923.371,2086.371,1760.372,2086.371,162.999
82,Track_82,82,9,0,0,0,0,0,1.8386939645997629,0.6,1.4,0.057999999999999996,82,22.104,48.354,0,0.83,1.423,0.327,0.7979999999999999,0.413,2196.369,2899.268,1622.4389999999999,2417.146,458.704
83,Track_83,83,2,0,0,0,0,0,1.7031242998618181,0.6,0.7,0.092,83,47.121,36.849000000000004,0,0.922,0.922,0.922,0.922,,2056.0589999999997,2094.471,2017.648,2094.471,38.411
84,Track_84,84,6,0,0,0,0,0,0.15238177976531564,0.6,1.1,0.124,84,28.776999999999997,24.301,0,1.185,1.739,0.705,1.253,0.397,1919.487,2804.863,1614.125,1766.85,415.36699999999996
85,Track_85,85,6,0,0,0,0,0,0.22929183272912185,0.6,1.1,0.201,85,37.749,21.368000000000002,0,0.701,1.197,0.18899999999999997,0.583,0.446,1845.815,2397.9610000000002,1605.514,1663.547,307.796
86,Track_86,86,2,0,0,0,0,0,1.160968195951266,0.6,0.7,0.183,86,8.357000000000001,21.035,0,1.8259999999999998,1.8259999999999998,1.8259999999999998,1.8259999999999998,,2020.78,2481.884,1559.6760000000002,2481.884,461.10400000000004
87,Track_87,87,7,0,0,0,0,0,0.26857281732153004,0.7,1.3,0.049,87,5.382999999999999,50.196000000000005,0,0.59,0.993,0.297,0.664,0.318,2205.456,2905.4640000000004,1733.906,2255.599,366.158
88,Track_88,88,5,0,0,0,0,0,0.31756400578783933,0.7,1.1,0.10400000000000001,88,13.328,40.415,0,0.789,1.2570000000000001,0.401,0.782,0.354,2437.641,3298.1809999999996,1676.984,2429.402,534.658
89,Track_89,89,11,0,0,0,0,0,1.5949588923776548,0.7,1.7,0.099,89,23.443,21.043000000000003,0,1.2309999999999999,1.527,0.825,1.3869999999999998,0.257,2260.322,3160.987,1533.1270000000002,1987.881,530.0459999999999
90,Track_90,90,4,0,0,0,0,0,0.037633252982380745,0.7,1.0,0.052000000000000005,90,21.855,24.006999999999998,0,0.948,1.3230000000000002,0.294,1.226,0.568,2074.545,2334.936,1944.4279999999999,2062.637,157.231
91,Track_91,91,2,0,0,0,0,0,3.8504980969664766,0.8,0.9,0.095,91,50.743,12.815999999999999,0,0.9520000000000001,0.9520000000000001,0.9520000000000001,0.9520000000000001,,2226.328,2309.802,2142.853,2309.802,83.475
92,Track_92,92,7,0,0,0,0,0,2.1112373719940236,0.7,1.3,0.13699999999999998,92,28.998,12.509,0,0.653,1.1340000000000001,0.20600000000000002,0.6990000000000001,0.327,2092.279,2528.399,1587.9160000000002,2100.703,311.58799999999997
93,Track_93,93,17,0,0,0,0,0,0.4276994446655169,0.8,2.4,0.154,93,31.24,10.705,0,1.003,2.0,0.496,0.937,0.379,2250.703,2890.554,1628.318,2265.799,353.369
94,Track_94,94,4,0,0,0,0,0,0.75419784489809,0.7,1.0,0.14800000000000002,94,50.371,6.132000000000001,0,0.579,1.083,0.017,0.637,0.535,4583.334,5565.401999999999,3646.1279999999997,4650.925,681.914
95,Track_95,95,2,0,0,0,0,0,1.03294062459257,0.8,0.9,0.11,95,1.1079999999999999,1.2329999999999999,0,1.102,1.102,1.102,1.102,,1586.7820000000002,1648.8029999999999,1524.7620000000002,1648.8029999999999,62.021
96,Track_96,96,2,0,0,0,0,0,1.313324113380955,0.7,0.8,0.063,96,47.178000000000004,26.438000000000002,0,0.63,0.63,0.63,0.63,,2215.075,2342.209,2087.942,2342.209,127.133
97,Track_97,97,2,0,0,0,0,0,0.28283970032869815,0.9,1.0,0.061,97,18.205,35.649,0,0.608,0.608,0.608,0.608,,1987.842,2249.722,1725.9620000000002,2249.722,261.88
98,Track_98,98,4,0,0,0,0,0,0.22329450495009476,0.9,1.2,0.067,98,47.07,36.866,0,0.991,1.055,0.875,1.043,0.1,1755.9779999999998,1924.4460000000001,1552.144,1790.3529999999998,133.334
99,Track_99,99,2,0,0,0,0,0,0.4225005506065749,0.9,1.0,0.12,99,39.798,29.293000000000003,0,1.2,1.2,1.2,1.2,,1943.076,1981.589,1904.5629999999999,1981.589,38.513000000000005
100,Track_100,100,2,0,0,0,0,0,0.053385135351958234,0.9,1.0,0.11800000000000001,100,43.832,34.758,0,1.183,1.183,1.183,1.183,,1613.658,1726.0379999999998,1501.277,1726.0379999999998,112.38
101,Track_101,101,7,0,0,0,0,0,0.17399208723087867,0.9,1.5,0.17600000000000002,101,24.866999999999997,24.622,0,1.364,1.9880000000000002,0.611,1.598,0.496,1993.8310000000001,2531.951,1514.346,1818.368,415.431
102,Track_102,102,11,0,0,0,0,0,3.121149453940803,0.9,1.9,0.063,102,40.524,9.154,0,1.1159999999999999,1.8259999999999998,0.599,0.991,0.43700000000000006,2214.821,3485.3059999999996,1620.787,2031.876,500.786
103,Track_103,103,2,0,0,0,0,0,2.0600886001146304,0.9,1.0,0.049,103,50.354,42.924,0,0.493,0.493,0.493,0.493,,1731.989,1798.193,1665.7839999999999,1798.193,66.205
104,Track_104,104,9,0,0,0,0,0,1.7509233459464113,1.0,1.8,0.035,104,38.83,39.294000000000004,0,1.148,1.716,0.7090000000000001,1.1079999999999999,0.325,2114.9429999999998,2851.5170000000003,1676.93,1940.6960000000001,400.843
105,Track_105,105,4,0,0,0,0,0,0.23575730973664333,1.0,1.3,0.08900000000000001,105,8.821,42.747,0,1.413,1.9169999999999998,0.7979999999999999,1.5230000000000001,0.568,1956.683,2197.234,1656.73,2128.545,217.957
106,Track_106,106,10,0,0,0,0,0,1.8440955054209414,1.0,1.9,0.086,106,28.896,32.469,0,1.067,1.821,0.49700000000000005,1.003,0.509,2145.251,2960.4309999999996,1656.9620000000002,2103.364,363.30400000000003
107,Track_107,107,5,0,0,0,0,0,1.0851620194802767,1.0,1.4,0.128,107,47.135,26.484,0,0.95,1.651,0.514,1.074,0.532,1790.6789999999999,2286.57,1578.796,1746.3529999999998,259.453
108,Track_108,108,14,0,0,0,0,0,0.11185069386228337,1.0,2.3,0.071,108,12.495999999999999,28.434,0,0.812,1.675,0.085,0.737,0.43799999999999994,2372.1820000000002,3375.1290000000004,1602.5420000000001,2354.103,458.341
109,Track_109,109,2,0,0,0,0,0,0.28563449163250343,1.0,1.1,0.061,109,24.066,26.123,0,0.611,0.611,0.611,0.611,,1909.735,2087.205,1732.265,2087.205,177.47
110,Track_110,110,11,0,0,0,0,0,0.23637060096670218,1.0,2.0,0.011000000000000001,110,45.56100000000001,19.844,0,1.089,2.472,0.14,1.103,0.637,1949.759,3071.26,1557.9029999999998,1827.6870000000001,414.606
111,Track_111,111,5,0,0,0,0,0,2.207922568457563,1.1,1.5,0.025,111,49.668,15.165999999999999,0,1.199,2.037,0.295,1.8730000000000002,0.884,2084.147,2365.828,1842.434,1954.215,230.766
112,Track_112,112,13,0,0,0,0,0,1.7698516028563835,1.1,2.3,0.14400000000000002,112,43.343999999999994,8.725,0,0.934,1.51,0.298,1.071,0.423,2513.558,3232.842,1754.921,2406.952,481.039
113,Track_113,113,6,0,0,0,0,0,1.899244263661248,1.1,1.6,0.08199999999999999,113,0.38299999999999995,36.382,0,0.895,1.412,0.19,0.998,0.478,2072.723,2977.4120000000003,1557.415,2019.7620000000002,489.585
114,Track_114,114,3,0,0,0,0,0,0.07982229182021482,1.2,1.4,0.07200000000000001,114,44.318999999999996,37.72,0,0.49200000000000005,0.517,0.466,0.517,0.036000000000000004,1785.332,1918.7620000000002,1668.88,1768.354,102.71799999999999
115,Track_115,115,14,0,0,0,0,0,0.2430360128322899,1.2,2.5,0.084,115,18.160999999999998,35.626999999999995,0,0.775,1.239,0.156,0.856,0.366,2090.655,2662.74,1582.2079999999999,1952.076,350.66900000000004
116,Track_116,116,5,0,0,0,0,0,0.2554889676369148,1.2,1.6,0.08900000000000001,116,13.185,26.994,0,0.741,1.382,0.376,0.8190000000000001,0.474,2584.735,3294.03,1801.529,2587.3289999999997,493.776
117,Track_117,117,6,0,0,0,0,0,0.4667242550507714,1.2,1.7,0.086,117,21.793000000000003,24.01,0,0.5379999999999999,0.609,0.428,0.563,0.073,2413.9829999999997,2725.63,1785.6670000000001,2578.411,328.276
118,Track_118,118,4,0,0,0,0,0,0.5104644790414532,1.2,1.5,0.032,118,13.845999999999998,12.158,0,0.628,0.9,0.33899999999999997,0.6459999999999999,0.281,2040.266,2584.5589999999997,1675.638,2109.915,352.213
119,Track_119,119,4,0,0,0,0,0,1.555151359630901,1.2,1.5,0.12300000000000001,119,36.893,12.454,0,0.905,0.973,0.8140000000000001,0.927,0.08199999999999999,2233.3089999999997,3295.115,1591.675,2250.363,657.758
120,Track_120,120,7,0,0,0,0,0,0.35354653236901895,1.2,1.8,0.052000000000000005,120,6.226,10.888,0,0.5479999999999999,0.937,0.11800000000000001,0.748,0.353,2525.61,3441.593,1762.737,2512.813,533.023
121,Track_121,121,13,0,0,0,0,0,1.757215638409357,1.2,2.4,0.084,121,3.408,8.312999999999999,0,0.8009999999999999,1.541,0.35,0.826,0.386,2305.3379999999997,3048.329,1874.906,2244.56,309.94599999999997
122,Track_122,122,2,0,0,0,0,0,0.4963868512111272,1.2,1.3,0.086,122,47.972,42.956,0,0.8590000000000001,0.8590000000000001,0.8590000000000001,0.8590000000000001,,2275.939,2323.001,2228.876,2323.001,47.062
123,Track_123,123,2,0,0,0,0,0,0.8902143224842545,1.3,1.4,0.124,123,37.741,21.268,0,1.242,1.242,1.242,1.242,,1991.8220000000001,2217.166,1766.477,2217.166,225.34400000000002
124,Track_124,124,3,0,0,0,0,0,0.9250949250992407,1.3,1.5,0.05,124,40.608000000000004,2.417,0,1.075,1.24,0.909,1.24,0.23399999999999999,2583.863,3136.015,2146.808,2468.766,411.961
125,Track_125,125,10,0,0,0,0,0,0.9703791817387837,1.3,2.2,0.057999999999999996,125,13.328,40.446,0,0.907,1.702,0.373,0.858,0.369,2039.6370000000002,2290.365,1538.495,2134.962,232.172
126,Track_126,126,2,0,0,0,0,0,1.2544207547112214,1.3,1.4,0.016,126,39.842,29.252,0,0.157,0.157,0.157,0.157,,2855.3059999999996,3125.455,2585.157,3125.455,270.149
127,Track_127,127,4,0,0,0,0,0,2.125400564165575,1.4,1.7,0.044000000000000004,127,16.592,27.563000000000002,0,0.992,1.3840000000000001,0.642,0.951,0.373,3124.9190000000003,3643.553,2790.478,3094.56,318.363
128,Track_128,128,3,0,0,0,0,0,6.077025180041249,1.5,1.7,0.141,128,38.067,51.067,0,0.7070000000000001,1.4140000000000001,0.0,1.4140000000000001,1.0,1764.243,1934.406,1549.7979999999998,1808.525,160.107
129,Track_129,129,3,0,0,0,0,0,0.297226513959987,1.5,1.7,0.16899999999999998,129,28.831,24.296,0,0.846,1.311,0.381,1.311,0.6579999999999999,1950.8529999999998,2521.676,1536.6470000000002,1794.235,417.10699999999997
130,Track_130,130,2,0,0,0,0,0,0.10014982956578695,1.5,1.6,0.025,130,46.702,16.842,0,0.251,0.251,0.251,0.251,,2400.294,2698.3720000000003,2102.217,2698.3720000000003,298.078
131,Track_131,131,5,0,0,0,0,0,0.03539584772302669,1.5,1.9,0.12300000000000001,131,28.968000000000004,12.515999999999998,0,1.3730000000000002,1.804,0.32299999999999995,1.705,0.703,2189.5,3170.317,1727.286,1876.6670000000001,554.3919999999999
132,Track_132,132,2,0,0,0,0,0,2.400686009194766,1.5,1.6,0.14800000000000002,132,48.224,11.469000000000001,0,1.482,1.482,1.482,1.482,,1873.724,1925.6870000000001,1821.761,1925.6870000000001,51.963
133,Track_133,133,5,0,0,0,0,0,0.1770519898573467,1.6,2.0,0.025,133,22.139,48.343999999999994,0,0.772,0.9740000000000001,0.609,0.7979999999999999,0.155,2272.495,2598.035,1805.9379999999999,2369.399,302.126
134,Track_134,134,4,0,0,0,0,0,1.0794918472578414,1.6,1.9,0.025,134,16.92,46.42100000000001,0,0.89,1.36,0.262,1.048,0.5660000000000001,2182.797,2301.153,2054.78,2271.195,105.369
135,Track_135,135,5,0,0,0,0,0,0.0600556964031394,1.6,2.0,0.111,135,5.375,50.228,0,0.8240000000000001,1.044,0.639,0.809,0.16699999999999998,2417.279,3025.9829999999997,1820.215,2250.494,460.744
136,Track_136,136,7,0,0,0,0,0,1.4801373147856907,1.6,2.2,0.057999999999999996,136,8.822000000000001,42.724,0,1.2690000000000001,2.479,0.513,1.2990000000000002,0.726,1912.67,2368.624,1508.223,1907.38,247.01
137,Track_137,137,4,0,0,0,0,0,0.501369543758012,1.6,1.9,0.11,137,50.348,42.982,0,1.133,1.5719999999999998,0.853,0.9740000000000001,0.385,1836.395,2049.216,1632.747,1989.3110000000001,184.676
138,Track_138,138,2,0,0,0,0,0,0.13712929390122341,1.6,1.7,0.033,138,43.815,34.836999999999996,0,0.327,0.327,0.327,0.327,,2123.313,2431.203,1815.424,2431.203,307.889
139,Track_139,139,2,0,0,0,0,0,0.6082544588420059,1.6,1.7,0.122,139,47.148999999999994,26.485,0,1.216,1.216,1.216,1.216,,2058.93,2212.0789999999997,1905.7820000000002,2212.0789999999997,153.148
140,Track_140,140,2,0,0,0,0,0,4.685250095908297,1.6,1.7,0.163,140,11.695,25.85,0,1.633,1.633,1.633,1.633,,1886.465,2108.8979999999997,1664.033,2108.8979999999997,222.433
141,Track_141,141,29,0,0,0,0,0,0.384692080419601,1.6,4.4,0.10400000000000001,141,1.083,22.066,0,0.917,2.0909999999999997,0.122,0.78,0.48,2253.485,3558.115,1589.1670000000001,2249.311,376.95300000000003
142,Track_142,142,5,0,0,0,0,0,0.10414005263703317,1.6,2.0,0.195,142,37.725,21.333000000000002,0,0.976,1.473,0.647,1.067,0.379,1819.8929999999998,1981.049,1665.91,1782.7979999999998,114.916
143,Track_143,143,2,0,0,0,0,0,2.6877590889511342,1.7,1.8,0.153,143,44.272,37.649,0,1.53,1.53,1.53,1.53,,1847.545,1901.2939999999999,1793.796,1901.2939999999999,53.748999999999995
144,Track_144,144,6,0,0,0,0,0,0.7583281315468162,1.7,2.2,0.172,144,8.827,6.069,0,1.138,1.8219999999999998,0.439,1.349,0.595,2142.009,2667.9309999999996,1747.91,2298.65,324.035
145,Track_145,145,17,0,0,0,0,0,0.0555038355081266,1.7,3.3,0.10800000000000001,145,40.552,2.421,0,0.74,1.935,0.111,0.722,0.473,2684.365,3914.722,1977.957,2633.482,577.592
146,Track_146,146,3,0,0,0,0,0,0.06335090523825573,1.7,1.9,0.122,146,14.452,43.18,0,1.206,1.212,1.2009999999999998,1.212,0.008,1939.8039999999999,2123.185,1649.739,2046.489,207.483
147,Track_147,147,14,0,0,0,0,0,0.11328587948625835,1.7,3.0,0.059000000000000004,147,0.747,42.476000000000006,0,0.889,2.188,0.08800000000000001,0.938,0.527,2109.99,2662.968,1715.3629999999998,2113.6929999999998,240.102
148,Track_148,148,12,0,0,0,0,0,0.06089296649226618,1.7,2.8,0.196,148,27.03,37.95,0,1.146,1.55,0.589,1.307,0.371,1984.9289999999999,2587.179,1559.336,1935.9370000000001,298.69
149,Track_149,149,4,0,0,0,0,0,0.5587300257668719,1.7,2.0,0.111,149,14.725,39.938,0,0.43200000000000005,0.688,0.16699999999999998,0.44,0.261,2263.499,2833.683,1742.664,2408.91,404.801
150,Track_150,150,6,0,0,0,0,0,0.7816952491029319,1.7,2.2,0.087,150,1.055,40.006,0,0.764,1.3,0.276,0.892,0.433,2062.654,2597.659,1552.648,2039.66,403.233
151,Track_151,151,2,0,0,0,0,0,0.7210919202645021,1.8,1.9,0.053,151,28.256999999999998,24.499000000000002,0,0.5329999999999999,0.5329999999999999,0.5329999999999999,0.5329999999999999,,2345.179,2744.913,1945.4460000000001,2744.913,399.733
152,Track_152,152,4,0,0,0,0,0,0.05953684711202539,1.8,2.1,0.106,152,18.222,28.322,0,0.8340000000000001,1.439,0.306,0.759,0.57,2141.9139999999998,2609.078,1626.779,2534.056,434.69300000000004
153,Track_153,153,4,0,0,0,0,0,0.894779764731469,1.8,2.1,0.086,153,38.154,10.852,0,1.456,1.6569999999999998,1.25,1.46,0.204,1899.892,2015.219,1614.737,2012.037,166.22099999999998
154,Track_154,154,6,0,0,0,0,0,2.217734174090541,1.8,2.3,0.046,154,48.17100000000001,11.481,0,0.7490000000000001,1.156,0.145,0.888,0.382,2065.124,2438.3160000000003,1574.225,2242.785,320.232
155,Track_155,155,5,0,0,0,0,0,0.041890308511044035,1.8,2.2,0.018000000000000002,155,46.666000000000004,49.081,0,1.067,1.358,0.49,1.23,0.391,1780.254,1901.8370000000002,1644.489,1810.5710000000001,92.00399999999999
156,Track_156,156,6,0,0,0,0,0,4.593627375480008,1.8,2.3,0.225,156,47.125,36.856,0,1.04,1.5959999999999999,0.198,1.227,0.532,1885.297,2382.604,1539.622,1866.476,284.705
157,Track_157,157,4,0,0,0,0,0,0.5160655329757154,1.8,2.1,0.084,157,0.40700000000000003,36.427,0,1.791,2.326,1.101,1.946,0.627,1975.549,2360.676,1652.88,2213.496,315.95099999999996
158,Track_158,158,6,0,0,0,0,0,0.3660660863631433,1.8,2.3,0.11900000000000001,158,7.931,32.736,0,0.9890000000000001,2.188,0.415,0.522,0.7879999999999999,1944.6789999999999,2359.814,1511.5970000000002,1953.614,262.721
159,Track_159,159,8,0,0,0,0,0,0.18327803309931293,1.9,2.6,0.091,159,40.961000000000006,5.113,0,0.87,1.3030000000000002,0.26899999999999996,0.9209999999999999,0.37,2340.78,2740.3559999999998,1985.578,2501.326,262.38599999999997
160,Track_160,160,9,0,0,0,0,0,0.5979695151235473,1.9,2.7,0.217,160,38.037,51.059,0,1.0979999999999999,2.504,0.0,1.0,0.846,2054.324,2539.967,1630.767,1930.35,317.704
161,Track_161,161,6,0,0,0,0,0,1.2811570756579207,1.9,2.4,0.059000000000000004,161,1.9369999999999998,47.736000000000004,0,0.917,1.218,0.5660000000000001,0.84,0.287,2092.188,2654.8720000000003,1714.365,2240.834,335.755
162,Track_162,162,3,0,0,0,0,0,0.926698770690097,1.9,2.1,0.017,162,43.815,34.783,0,0.263,0.335,0.191,0.335,0.102,2606.847,3041.491,2363.843,2415.2070000000003,308.055
163,Track_163,163,8,0,0,0,0,0,0.3112182763497611,1.9,2.6,0.083,163,33.641999999999996,34.406,0,0.588,0.823,0.321,0.536,0.222,5518.758000000001,5924.695,5073.579000000001,5685.819,283.756
164,Track_164,164,2,0,0,0,0,0,0.036757025588566486,1.9,2.0,0.158,164,28.676,24.309,0,1.584,1.584,1.584,1.584,,2382.2929999999997,2715.7709999999997,2048.815,2715.7709999999997,333.478
165,Track_165,165,3,0,0,0,0,0,2.5260375526997385,1.9,2.1,0.10300000000000001,165,13.203,27.006,0,0.774,1.0979999999999999,0.45,1.0979999999999999,0.45899999999999996,2157.143,2708.618,1670.15,2092.6620000000003,426.398
166,Track_166,166,8,0,0,0,0,0,0.17145449809187788,1.9,2.6,0.092,166,23.846999999999998,18.453,0,1.023,1.964,0.253,0.9279999999999999,0.675,2108.783,2771.933,1651.08,2038.239,380.514
167,Track_167,167,2,0,0,0,0,0,0.7269772123905733,1.9,2.0,0.073,167,13.472999999999999,11.16,0,0.733,0.733,0.733,0.733,,2166.4429999999998,2207.913,2124.973,2207.913,41.47
168,Track_168,168,11,0,0,0,0,0,0.29203600796025814,1.9,2.9,0.134,168,17.825,8.306000000000001,0,0.941,1.426,0.434,0.9259999999999999,0.35700000000000004,2370.103,3239.615,1647.2420000000002,2304.562,484.349
169,Track_169,169,4,0,0,0,0,0,0.5185188458212598,2.0,2.3,0.09300000000000001,169,11.85,38.43,0,1.264,1.962,0.287,1.5419999999999998,0.872,1898.3110000000001,2223.938,1579.069,1909.8370000000002,228.255
170,Track_170,170,2,0,0,0,0,0,0.8584978231066287,2.0,2.1,0.055999999999999994,170,2.221,34.691,0,0.561,0.561,0.561,0.561,,2066.03,2246.762,1885.2979999999998,2246.762,180.732
171,Track_171,171,6,0,0,0,0,0,1.1115948272876228,2.0,2.5,0.040999999999999995,171,6.255,10.892999999999999,0,0.9890000000000001,1.608,0.187,0.99,0.53,2299.8720000000003,2974.735,1824.805,2372.597,394.19
172,Track_172,172,11,0,0,0,0,0,0.1351804756061804,2.2,3.2,0.11199999999999999,172,26.405,7.6979999999999995,0,1.0490000000000002,2.15,0.295,0.888,0.679,2600.459,3605.507,1876.714,2748.427,489.788
173,Track_173,173,5,0,0,0,0,0,0.6187646231676277,2.1,2.5,0.04,173,13.214,3.287,0,0.589,1.082,0.198,0.818,0.43200000000000005,2555.674,3033.218,2003.444,2529.99,366.227
174,Track_174,174,14,0,0,0,0,0,1.4517366991938963,2.2,3.5,0.046,174,5.055,3.052,0,0.867,1.578,0.129,0.991,0.451,2446.8160000000003,3320.292,1799.81,2541.779,439.17900000000003
175,Track_175,175,9,0,0,0,0,0,1.1118139247758256,2.1,2.9,0.063,175,11.63,50.472,0,0.642,0.851,0.275,0.743,0.20800000000000002,2077.653,2939.835,1554.496,1909.201,496.468
176,Track_176,176,12,0,0,0,0,0,2.8111100250151684,2.1,3.2,0.065,176,16.873,46.424,0,0.8220000000000001,1.9069999999999998,0.151,0.772,0.52,1975.3570000000002,2681.3140000000003,1536.862,1954.4560000000001,358.89
177,Track_177,177,4,0,0,0,0,0,0.0480230163007717,2.2,2.5,0.122,177,5.407,50.217,0,1.128,1.5219999999999998,0.726,1.138,0.39799999999999996,1782.191,2016.884,1536.135,1932.631,198.49400000000003
178,Track_178,178,13,0,0,0,0,0,1.776287080085062,2.1,3.3,0.051,178,14.42,43.214,0,0.736,1.45,0.153,0.662,0.447,2148.5229999999997,2596.967,1660.1879999999999,2133.975,278.974
179,Track_179,179,8,0,0,0,0,0,0.32892659088406306,2.2,2.9,0.14300000000000002,179,14.65,39.918,0,0.63,1.008,0.266,0.526,0.289,2258.062,3231.433,1776.516,2169.114,429.787
180,Track_180,180,9,0,0,0,0,0,0.46758167732175243,2.1,2.9,0.10800000000000001,180,16.558,27.523000000000003,0,0.932,1.8880000000000001,0.155,1.195,0.618,2289.37,3050.528,1936.1860000000001,2141.781,362.97900000000004
181,Track_181,181,10,0,0,0,0,0,0.4930865428203006,2.2,3.1,0.06,181,9.629,26.61,0,0.977,2.004,0.11800000000000001,0.84,0.53,2320.376,3312.3559999999998,1651.809,2147.7070000000003,473.64
182,Track_182,182,7,0,0,0,0,0,1.6912631151491255,2.2,2.8,0.102,182,37.656,21.366,0,0.9079999999999999,2.171,0.281,0.828,0.711,2010.925,2750.8070000000002,1674.058,1912.2420000000002,319.999
183,Track_183,183,6,0,0,0,0,0,1.300630711878474,2.1,2.6,0.096,183,28.239,24.564,0,0.965,1.3719999999999999,0.272,1.075,0.419,2638.616,3597.889,2264.675,2559.989,455.22
184,Track_184,184,8,0,0,0,0,0,0.8036725732716908,2.1,2.8,0.12,184,28.984,12.523,0,1.0979999999999999,2.153,0.518,0.898,0.57,2118.949,2921.574,1511.737,2221.406,418.004
185,Track_185,185,2,0,0,0,0,0,0.44650380786850213,2.1,2.2,0.054000000000000006,185,50.336000000000006,42.95399999999999,0,0.542,0.542,0.542,0.542,,1857.9289999999999,2088.8289999999997,1627.029,2088.8289999999997,230.9
186,Track_186,186,2,0,0,0,0,0,1.359124822961602,2.1,2.2,0.087,186,28.897,32.394,0,0.87,0.87,0.87,0.87,,2177.564,2373.594,1981.5339999999999,2373.594,196.03
187,Track_187,187,2,0,0,0,0,0,0.5789051667978171,2.1,2.2,0.124,187,40.47,9.156,0,1.238,1.238,1.238,1.238,,1722.818,1785.849,1659.7879999999998,1785.849,63.031000000000006
188,Track_188,188,3,0,0,0,0,0,0.023241804108572777,2.3,2.5,0.08900000000000001,188,45.595,19.882,0,0.521,0.95,0.092,0.95,0.606,2163.6910000000003,2379.5460000000003,1735.2720000000002,2376.254,302.941
189,Track_189,189,7,0,0,0,0,0,0.02719755120938647,2.3,2.9,0.079,189,31.428,16.566,0,0.7440000000000001,1.133,0.254,0.7390000000000001,0.317,2001.401,2546.98,1618.319,1869.283,316.048
190,Track_190,190,10,0,0,0,0,0,3.0627842355121655,2.3,3.2,0.046,190,13.484000000000002,11.155999999999999,0,0.721,1.5630000000000002,0.258,0.715,0.387,2614.802,3766.65,1754.945,2472.6679999999997,604.076
191,Track_191,191,6,0,0,0,0,0,0.018943971174091995,2.3,2.8,0.005,191,4.995,44.443000000000005,0,0.9159999999999999,1.5919999999999999,0.6679999999999999,0.687,0.396,1802.786,2091.842,1534.826,1893.036,203.62599999999998
192,Track_192,192,2,0,0,0,0,0,0.8485922992655948,2.3,2.4,0.065,192,0.401,36.408,0,0.6509999999999999,0.6509999999999999,0.6509999999999999,0.6509999999999999,,1983.194,2067.3179999999998,1899.0710000000001,2067.3179999999998,84.124
193,Track_193,193,2,0,0,0,0,0,0.21405834970832158,2.3,2.4,0.142,193,13.242,26.959,0,1.425,1.425,1.425,1.425,,2243.025,2582.94,1903.109,2582.94,339.915
194,Track_194,194,2,0,0,0,0,0,3.1226688812109447,2.3,2.4,0.057999999999999996,194,15.960999999999999,28.410999999999998,0,0.585,0.585,0.585,0.585,,1804.4029999999998,1925.6979999999999,1683.1070000000002,1925.6979999999999,121.296
195,Track_195,195,7,0,0,0,0,0,0.5636014369237998,2.4,3.0,0.45299999999999996,195,26.247,38.708,0,1.16,3.8739999999999997,0.251,0.6990000000000001,1.381,2703.7129999999997,3655.054,1782.3470000000002,2820.393,646.952
196,Track_196,196,3,0,0,0,0,0,0.44741475472982317,2.4,2.6,0.078,196,13.286,40.378,0,1.054,1.213,0.895,1.213,0.225,2000.8120000000001,2052.7870000000003,1946.579,2003.07,43.388000000000005
197,Track_197,197,6,0,0,0,0,0,0.9932266040602843,2.4,2.9,0.071,197,1.09,39.995,0,0.797,1.558,0.556,0.628,0.42700000000000005,2045.731,2328.469,1721.162,2088.244,197.178
198,Track_198,198,4,0,0,0,0,0,1.4673962380076082,2.4,2.7,0.031,198,43.797,34.782,0,1.369,1.791,0.7809999999999999,1.536,0.525,1953.15,2431.146,1699.915,1958.3139999999999,293.897
199,Track_199,199,2,0,0,0,0,0,3.3540853851189456,2.4,2.5,0.044000000000000004,199,29.482,8.851,0,0.43700000000000006,0.43700000000000006,0.43700000000000006,0.43700000000000006,,2704.0820000000003,3140.261,2267.902,3140.261,436.18
200,Track_200,200,13,0,0,0,0,0,0.5798725050015786,2.4,3.6,0.098,200,38.654,6.297000000000001,0,0.773,1.3769999999999998,0.365,0.733,0.289,2421.951,3198.408,1846.654,2320.1910000000003,405.662
201,Track_201,201,14,0,0,0,0,0,1.1999027427715891,2.4,3.7,0.122,201,15.722999999999999,49.229,0,1.102,2.752,0.35700000000000004,0.945,0.8059999999999999,2649.658,3538.493,1757.286,2864.719,536.605
202,Track_202,202,2,0,0,0,0,0,1.08361746289019,2.4,2.5,0.136,202,8.451,45.492,0,1.357,1.357,1.357,1.357,,2566.409,2763.757,2369.062,2763.757,197.34799999999998
203,Track_203,203,5,0,0,0,0,0,1.1756876199433963,2.4,2.8,0.096,203,8.804,42.708,0,0.777,1.148,0.266,0.924,0.374,1841.0379999999998,1990.352,1612.783,1842.565,128.32399999999998
204,Track_204,204,4,0,0,0,0,0,0.4528166706626077,2.5,2.8,0.139,204,0.581,35.019,0,0.945,1.635,0.319,0.882,0.66,2449.035,2618.215,2249.444,2595.328,160.69299999999998
205,Track_205,205,2,0,0,0,0,0,0.07240154581048747,2.5,2.6,0.01,205,7.915,32.788000000000004,0,0.10099999999999999,0.10099999999999999,0.10099999999999999,0.10099999999999999,,2165.436,2302.656,2028.215,2302.656,137.221
206,Track_206,206,3,0,0,0,0,0,1.2425516982737805,2.5,2.7,0.07,206,25.807,20.916,0,1.745,2.089,1.401,2.089,0.48700000000000004,1931.401,2310.663,1564.0420000000001,1919.4979999999998,304.923
207,Track_207,207,4,0,0,0,0,0,1.0981436095657906,2.5,2.8,0.185,207,38.218,10.866,0,1.354,1.729,1.0190000000000001,1.3130000000000002,0.35600000000000004,1938.2879999999998,2401.863,1720.277,1829.75,270.64099999999996
208,Track_208,208,2,0,0,0,0,0,0.831350731027108,2.5,2.6,0.027999999999999997,208,48.211000000000006,11.457,0,0.285,0.285,0.285,0.285,,2200.843,2533.134,1868.5529999999999,2533.134,332.291
209,Track_209,209,15,0,0,0,0,0,0.6195568855704504,2.5,3.9,0.126,209,26.340999999999998,10.618,0,0.79,1.347,0.319,0.857,0.32899999999999996,2032.2620000000002,2609.3289999999997,1652.455,1947.26,316.474
210,Track_210,210,5,0,0,0,0,0,1.8687890252175618,2.6,3.0,0.105,210,3.397,8.308,0,0.904,1.314,0.12,1.29,0.557,2049.009,2649.324,1599.7579999999998,1901.77,357.31699999999995
211,Track_211,211,8,0,0,0,0,0,0.36572274802554844,2.6,3.3,0.057,211,31.169,10.690999999999999,0,0.5,1.026,0.083,0.425,0.358,2233.236,2769.505,1515.384,2439.903,426.705
212,Track_212,212,3,0,0,0,0,0,0.5066905833559088,2.6,2.8,0.061,212,1.952,47.783,0,0.621,0.765,0.47700000000000004,0.765,0.203,1924.5910000000001,2554.978,1590.9360000000001,1627.86,446.006
213,Track_213,213,2,0,0,0,0,0,0.04826430931614641,2.6,2.7,0.155,213,46.816,49.208999999999996,0,1.5530000000000002,1.5530000000000002,1.5530000000000002,1.5530000000000002,,1617.4520000000002,1727.5279999999998,1507.375,1727.5279999999998,110.07600000000001
214,Track_214,214,8,0,0,0,0,0,1.8394705560784708,2.6,3.3,0.047,214,28.491,33.455,0,0.737,1.079,0.389,0.7659999999999999,0.251,2006.9560000000001,2643.087,1678.237,2048.797,314.524
215,Track_215,215,2,0,0,0,0,0,0.04548001698843991,2.6,2.7,0.022000000000000002,215,13.2,26.99,0,0.22,0.22,0.22,0.22,,2966.21,3086.0640000000003,2846.355,3086.0640000000003,119.854
216,Track_216,216,2,0,0,0,0,0,1.314017984871178,2.6,2.7,0.134,216,16.362000000000002,16.817999999999998,0,1.337,1.337,1.337,1.337,,2399.855,2921.239,1878.4720000000002,2921.239,521.383
217,Track_217,217,2,0,0,0,0,0,1.4379270676482159,2.7,2.8,0.071,217,8.402000000000001,45.542,0,0.708,0.708,0.708,0.708,,2185.536,2516.43,1854.642,2516.43,330.894
218,Track_218,218,6,0,0,0,0,0,0.7879450260885422,2.7,3.2,0.081,218,25.213,45.718,0,0.905,1.3419999999999999,0.308,1.1179999999999999,0.42700000000000005,2104.887,2333.795,1699.171,2157.775,221.467
219,Track_219,219,2,0,0,0,0,0,0.30024191144661827,2.7,2.8,0.078,219,18.163,35.618,0,0.778,0.778,0.778,0.778,,2297.826,2392.399,2203.2529999999997,2392.399,94.573
220,Track_220,220,3,0,0,0,0,0,0.34047693137383456,2.7,2.9,0.05,220,0.373,36.34,0,0.395,0.642,0.14800000000000002,0.642,0.349,1944.118,2464.1679999999997,1679.6960000000001,1688.49,367.74800000000005
221,Track_221,221,5,0,0,0,0,0,0.9783158762635492,2.7,3.1,0.046,221,13.043,25.433000000000003,0,1.163,2.298,0.239,1.659,0.981,2294.297,3066.61,1602.9360000000001,2203.43,481.66
222,Track_222,222,10,0,0,0,0,0,1.1348272535302937,2.7,3.6,0.049,222,45.567,19.822,0,0.785,1.262,0.14800000000000002,0.84,0.358,2078.7960000000003,2636.6420000000003,1600.886,2276.885,345.908
223,Track_223,223,2,0,0,0,0,0,2.458533059497321,2.7,2.8,0.055999999999999994,223,5.093999999999999,15.887,0,0.556,0.556,0.556,0.556,,2090.456,2534.315,1646.5970000000002,2534.315,443.85900000000004
224,Track_224,224,11,0,0,0,0,0,0.6217947709425147,2.7,3.7,0.11,224,29.432,8.875,0,0.7559999999999999,1.76,0.29600000000000004,0.644,0.501,2226.657,3027.0170000000003,1557.398,2087.427,380.233
225,Track_225,225,2,0,0,0,0,0,0.2823894505472204,2.8,2.9,0.054000000000000006,225,6.231,10.882,0,0.536,0.536,0.536,0.536,,2554.7070000000003,2644.7729999999997,2464.641,2644.7729999999997,90.066
226,Track_226,226,4,0,0,0,0,0,1.7075833379179048,2.8,3.1,0.006,226,48.205,11.459000000000001,0,0.53,0.655,0.294,0.6409999999999999,0.204,2099.916,3269.2690000000002,1594.731,1865.006,682.284
227,Track_227,227,3,0,0,0,0,0,0.5920834549101652,2.8,3.0,0.067,227,49.876999999999995,10.714,0,0.564,0.898,0.22899999999999998,0.898,0.473,1949.4920000000002,2134.411,1847.4589999999998,1866.606,130.991
228,Track_228,228,7,0,0,0,0,0,0.3558239455840801,2.8,3.4,0.055999999999999994,228,13.637,4.891,0,0.65,1.38,0.196,0.606,0.41100000000000003,2300.7960000000003,3013.7870000000003,1832.905,2231.9570000000003,393.64300000000003
229,Track_229,229,10,0,0,0,0,0,0.7005121690365628,2.8,3.7,0.022000000000000002,229,13.222000000000001,3.301,0,0.768,1.446,0.213,0.737,0.40700000000000003,2212.764,3232.667,1660.224,2079.663,466.277
230,Track_230,230,6,0,0,0,0,0,0.7275858465427721,2.8,3.3,0.106,230,8.894,6.079,0,1.3090000000000002,1.725,1.013,1.2830000000000001,0.259,2140.347,2873.8790000000004,1864.17,2039.474,337.62
231,Track_231,231,8,0,0,0,0,0,1.0979796564224682,2.8,3.5,0.156,231,21.048000000000002,39.463,0,0.883,1.722,0.122,0.797,0.504,2132.894,2674.5409999999997,1690.0629999999999,2099.3160000000003,290.113
232,Track_232,232,2,0,0,0,0,0,0.5569888667066419,2.8,2.9,0.018000000000000002,232,15.99,28.37,0,0.183,0.183,0.183,0.183,,2616.6020000000003,3313.011,1920.192,3313.011,696.41
233,Track_233,233,6,0,0,0,0,0,0.06787626662031519,2.8,3.3,0.13,233,23.848000000000003,18.551,0,0.8440000000000001,1.784,0.299,0.721,0.562,2238.673,2962.366,1775.5539999999999,2218.2110000000002,416.506
234,Track_234,234,4,0,0,0,0,0,0.1848628701948678,2.8,3.1,0.053,234,22.849,17.404,0,0.442,0.62,0.161,0.544,0.24600000000000002,2160.677,2418.438,1591.1779999999999,2374.808,333.972
235,Track_235,235,2,0,0,0,0,0,0.07167183559361791,2.9,3.0,0.057,235,25.703000000000003,20.944000000000003,0,0.5670000000000001,0.5670000000000001,0.5670000000000001,0.5670000000000001,,2202.369,2590.375,1814.362,2590.375,388.00699999999995
236,Track_236,236,3,0,0,0,0,0,0.5467356575452615,2.9,3.1,0.10099999999999999,236,16.382,16.809,0,0.664,1.078,0.251,1.078,0.585,2024.825,2192.528,1694.993,2186.9539999999997,233.238
237,Track_237,237,2,0,0,0,0,0,0.055997409285128655,2.9,3.0,0.021,237,1.696,4.697,0,0.209,0.209,0.209,0.209,,2587.291,2738.17,2436.4120000000003,2738.17,150.879
238,Track_238,238,2,0,0,0,0,0,1.096250491519579,2.9,3.0,0.1,238,22.35,51.1,0,1.0,1.0,1.0,1.0,,1624.6470000000002,1705.692,1543.6029999999998,1705.692,81.044
239,Track_239,239,2,0,0,0,0,0,0.17483348698397438,2.9,3.0,0.1,239,38.05,51.1,0,1.0,1.0,1.0,1.0,,1853.411,2011.579,1695.244,2011.579,158.167
240,Track_240,240,2,0,0,0,0,0,0.9499967919886708,2.9,3.0,0.075,240,46.768,49.091,0,0.745,0.745,0.745,0.745,,1776.9089999999999,1832.141,1721.6779999999999,1832.141,55.232
241,Track_241,241,2,0,0,0,0,0,2.369714887652202,2.9,3.0,0.055999999999999994,241,49.038999999999994,32.257,0,0.556,0.556,0.556,0.556,,1744.473,1783.168,1705.7779999999998,1783.168,38.695
242,Track_242,242,7,0,0,0,0,0,0.2827518678430886,3.0,3.6,0.061,242,0.5670000000000001,35.03,0,0.6829999999999999,1.028,0.174,0.9159999999999999,0.387,2031.474,2983.2059999999997,1517.422,1903.975,433.11400000000003
243,Track_243,243,4,0,0,0,0,0,0.6158346824247896,3.0,3.3,0.127,243,43.763999999999996,34.809,0,1.031,1.6019999999999999,0.594,0.895,0.518,2068.038,2337.05,1523.474,2253.345,320.702
244,Track_244,244,4,0,0,0,0,0,1.3954444812505487,3.0,3.3,0.07,244,7.64,27.609,0,0.545,1.048,0.27899999999999997,0.307,0.436,1806.168,2079.665,1688.535,1744.765,159.16299999999998
245,Track_245,245,4,0,0,0,0,0,0.3456846695469612,3.0,3.3,0.043,245,42.61600000000001,31.105999999999998,0,1.114,1.376,0.872,1.094,0.252,1734.3129999999999,1959.634,1509.078,1877.3870000000002,188.72299999999998
246,Track_246,246,3,0,0,0,0,0,0.3537047145693292,3.0,3.2,0.1,246,47.567,30.684,0,1.367,1.4469999999999998,1.286,1.4469999999999998,0.114,1610.2060000000001,1763.171,1529.1779999999999,1538.269,108.226
247,Track_247,247,2,0,0,0,0,0,0.4094200319131078,3.0,3.1,0.14400000000000002,247,28.646,24.17,0,1.4380000000000002,1.4380000000000002,1.4380000000000002,1.4380000000000002,,1828.0410000000002,1900.636,1755.4460000000001,1900.636,72.595
248,Track_248,248,3,0,0,0,0,0,0.07597966937783669,3.0,3.2,0.10099999999999999,248,37.781,21.346,0,0.915,1.403,0.42700000000000005,1.403,0.69,1924.361,2225.374,1720.902,1826.806,217.195
249,Track_249,249,4,0,0,0,0,0,1.3720747448946164,3.0,3.3,0.07,249,22.473000000000003,16.058,0,0.956,1.601,0.25,1.016,0.677,2375.573,2564.194,2059.697,2549.442,204.792
250,Track_250,250,2,0,0,0,0,0,0.5035029407028483,3.0,3.1,0.20800000000000002,250,5.26,15.907,0,2.082,2.082,2.082,2.082,,1865.055,2127.615,1602.495,2127.615,262.56
251,Track_251,251,3,0,0,0,0,0,1.423687256736393,3.0,3.2,0.132,251,38.217,10.85,0,1.044,1.167,0.9209999999999999,1.167,0.174,2250.665,2435.2960000000003,1912.193,2404.505,239.665
252,Track_252,252,5,0,0,0,0,0,0.37956484688119957,3.0,3.4,0.031,252,8.455,45.548,0,0.506,0.687,0.12300000000000001,0.662,0.262,2525.244,3874.663,1914.726,2154.051,703.9730000000001
253,Track_253,253,3,0,0,0,0,0,0.6848713379456736,3.0,3.2,0.036000000000000004,253,5.013,44.45,0,0.723,0.831,0.615,0.831,0.153,2016.281,2508.763,1730.375,1809.705,349.74
254,Track_254,254,3,0,0,0,0,0,0.8598874449021073,3.1,3.3,0.185,254,7.937,32.769,0,1.002,1.4280000000000002,0.575,1.4280000000000002,0.603,2158.949,2414.188,1785.58,2277.0789999999997,269.88
255,Track_255,255,2,0,0,0,0,0,0.4332082759029352,3.1,3.2,0.14,255,15.93,28.471,0,1.403,1.403,1.403,1.403,,2051.208,2097.538,2004.879,2097.538,46.32899999999999
256,Track_256,256,5,0,0,0,0,0,1.0391536789391884,3.1,3.5,0.08800000000000001,256,16.542,27.544,0,0.602,1.278,0.247,0.445,0.46,2253.177,2496.526,2056.222,2300.8979999999997,171.75
257,Track_257,257,4,0,0,0,0,0,2.1579985510779927,3.1,3.4,0.12,257,31.458000000000002,16.557000000000002,0,1.209,1.912,0.833,0.8809999999999999,0.609,2207.02,2783.8920000000003,1646.5970000000002,2525.527,463.815
258,Track_258,258,9,0,0,0,0,0,0.3381226704986212,3.1,3.9,0.045,258,13.184000000000001,17.639,0,0.6940000000000001,1.3090000000000002,0.064,0.7979999999999999,0.408,1963.4089999999999,2503.962,1568.895,1801.421,326.116
259,Track_259,259,4,0,0,0,0,0,0.07699085201982583,3.1,3.4,0.147,259,28.963,12.482000000000001,0,1.203,1.4669999999999999,0.72,1.422,0.419,2107.937,2405.374,1648.6670000000001,2196.837,279.562
260,Track_260,260,9,0,0,0,0,0,1.4040419374209936,3.1,3.9,0.095,260,17.792,8.346,0,0.853,1.252,0.29,1.0959999999999999,0.43200000000000005,2053.4970000000003,3069.188,1642.006,1973.8329999999999,398.455
261,Track_261,261,2,0,0,0,0,0,0.7044866962434699,3.1,3.2,0.06,261,11.689,50.473,0,0.597,0.597,0.597,0.597,,1746.5710000000001,1866.896,1626.247,1866.896,120.325
262,Track_262,262,8,0,0,0,0,0,0.7339633816803911,3.1,3.8,0.142,262,26.070999999999998,38.678000000000004,0,0.7979999999999999,2.1790000000000003,0.018000000000000002,0.606,0.685,1989.1860000000001,2425.219,1546.102,2090.823,344.29400000000004
263,Track_263,263,8,0,0,0,0,0,0.6795000323902204,3.1,3.8,0.07200000000000001,263,1.1179999999999999,39.97,0,1.151,2.611,0.265,1.204,0.797,2006.085,2709.82,1594.905,1939.1,398.505
264,Track_264,264,3,0,0,0,0,0,1.6273140623858113,3.1,3.3,0.052000000000000005,264,11.777000000000001,38.412,0,0.302,0.358,0.245,0.358,0.08,2104.069,2305.3289999999997,1839.626,2167.251,195.301
265,Track_265,265,5,0,0,0,0,0,0.7831868007199371,3.2,3.6,0.155,265,35.03,42.985,0,1.371,1.794,0.95,1.633,0.406,1970.39,2152.1079999999997,1746.935,1923.641,149.10299999999998
266,Track_266,266,3,0,0,0,0,0,2.265794339242984,3.2,3.4,0.08,266,47.178000000000004,36.951,0,0.44799999999999995,0.665,0.23199999999999998,0.665,0.306,1977.9229999999998,2191.723,1710.519,2031.527,200.074
267,Track_267,267,5,0,0,0,0,0,0.15524185642015478,3.2,3.6,0.085,267,48.968999999999994,32.274,0,0.85,1.556,0.138,1.0390000000000001,0.599,2032.239,2549.009,1730.164,1886.704,308.224
268,Track_268,268,9,0,0,0,0,0,1.5512455086628407,3.2,4.0,0.134,268,25.772,20.953000000000003,0,0.833,2.272,0.14300000000000002,0.716,0.6509999999999999,1952.5439999999999,2387.94,1601.5829999999999,1993.471,247.332
269,Track_269,269,6,0,0,0,0,0,2.2996877911891644,3.2,3.7,0.048,269,43.92100000000001,12.889000000000001,0,1.53,2.454,0.649,1.4780000000000002,0.6659999999999999,2096.6620000000003,2910.184,1683.816,2022.487,388.19800000000004
270,Track_270,270,2,0,0,0,0,0,3.458988350288193,3.3,3.4,0.084,270,46.765,49.147,0,0.8390000000000001,0.8390000000000001,0.8390000000000001,0.8390000000000001,,1691.82,1825.61,1558.031,1825.61,133.79
271,Track_271,271,3,0,0,0,0,0,0.01288406004164318,3.3,3.5,0.242,271,45.548,42.54600000000001,0,1.605,1.693,1.517,1.693,0.124,1878.391,1936.785,1827.265,1871.122,45.005
272,Track_272,272,2,0,0,0,0,0,1.6591041496841528,3.3,3.4,0.027000000000000003,272,14.687000000000001,39.955,0,0.266,0.266,0.266,0.266,,2438.5229999999997,3079.1220000000003,1797.925,3079.1220000000003,640.599
273,Track_273,273,6,0,0,0,0,0,1.6260260438927152,3.3,3.8,0.057,273,9.972000000000001,31.9,0,1.263,2.12,0.628,1.036,0.604,1931.5179999999998,2325.887,1550.3570000000002,2035.536,258.195
274,Track_274,274,3,0,0,0,0,0,0.2934978711598244,3.3,3.5,0.145,274,9.556000000000001,26.629,0,1.1059999999999999,1.262,0.95,1.262,0.22,1829.501,1983.195,1729.3410000000001,1775.969,110.33200000000001
275,Track_275,275,5,0,0,0,0,0,2.373475561114618,3.3,3.7,0.107,275,13.077,25.405,0,0.638,0.943,0.349,0.654,0.244,2378.813,3152.5,1833.636,2429.8089999999997,454.00199999999995
276,Track_276,276,2,0,0,0,0,0,1.989266203864302,3.3,3.4,0.073,276,28.646,24.273000000000003,0,0.7290000000000001,0.7290000000000001,0.7290000000000001,0.7290000000000001,,1898.4470000000001,2002.86,1794.0339999999999,2002.86,104.413
277,Track_277,277,14,0,0,0,0,0,0.057768594206747466,3.3,4.6,0.12300000000000001,277,22.819000000000003,17.436,0,1.002,1.433,0.517,1.031,0.268,2142.0429999999997,2845.113,1686.1529999999998,2026.155,331.004
278,Track_278,278,6,0,0,0,0,0,0.7723296247850511,3.3,3.8,0.222,278,5.155,15.915999999999999,0,1.4769999999999999,2.287,0.56,1.3869999999999998,0.635,1928.0929999999998,2179.385,1651.433,1980.4070000000002,191.495
279,Track_279,279,12,0,0,0,0,0,0.24534010920234997,3.4,4.5,0.111,279,13.457,11.139000000000001,0,0.613,1.135,0.249,0.5820000000000001,0.292,2280.302,2858.137,1687.975,2370.337,314.343
280,Track_280,280,2,0,0,0,0,0,0.191720093482972,3.4,3.5,0.064,280,16.829,46.461000000000006,0,0.638,0.638,0.638,0.638,,2722.8720000000003,2901.965,2543.78,2901.965,179.093
281,Track_281,281,2,0,0,0,0,0,4.861810895794942,3.4,3.5,0.066,281,25.182,45.68899999999999,0,0.6609999999999999,0.6609999999999999,0.6609999999999999,0.6609999999999999,,1821.27,1826.649,1815.891,1826.649,5.379
282,Track_282,282,2,0,0,0,0,0,1.3432236507249864,3.4,3.5,0.055999999999999994,282,17.854,38.637,0,0.562,0.562,0.562,0.562,,1662.3220000000001,1734.645,1589.9979999999998,1734.645,72.32300000000001
283,Track_283,283,9,0,0,0,0,0,1.653340849663924,3.4,4.2,0.105,283,1.834,38.096,0,0.785,1.3940000000000001,0.33399999999999996,0.7829999999999999,0.295,2113.511,2661.6279999999997,1750.1629999999998,2019.638,329.79
284,Track_284,284,12,0,0,0,0,0,0.19309703903885259,3.4,4.5,0.193,284,37.714,21.362,0,1.012,2.1519999999999997,0.111,0.9229999999999999,0.657,2121.554,2630.309,1556.1979999999999,2158.113,385.795
285,Track_285,285,10,0,0,0,0,0,1.2615132904543853,3.5,4.4,0.027999999999999997,285,7.914,32.743,0,0.991,1.939,0.258,0.795,0.5539999999999999,1974.119,2720.173,1594.329,1907.5529999999999,335.24199999999996
286,Track_286,286,6,0,0,0,0,0,2.104126822173814,3.5,4.0,0.14,286,47.663000000000004,22.519000000000002,0,1.6030000000000002,2.468,0.713,1.702,0.662,1769.257,2173.202,1510.8770000000002,1789.568,239.685
287,Track_287,287,4,0,0,0,0,0,0.04772239885549871,3.5,3.8,0.078,287,7.632999999999999,27.605,0,0.9209999999999999,1.5190000000000001,0.495,0.75,0.5329999999999999,2013.66,2576.851,1563.9160000000002,2176.721,394.49300000000005
288,Track_288,288,4,0,0,0,0,0,0.5478108422063093,3.5,3.8,0.086,288,23.845,18.504,0,0.509,0.807,0.053,0.6659999999999999,0.4,2307.4139999999998,2673.0,1802.5710000000001,2508.028,328.835
289,Track_289,289,3,0,0,0,0,0,1.689219931584479,3.5,3.7,0.034,289,9.852,17.762,0,0.99,1.036,0.9440000000000001,1.036,0.065,2112.427,2415.548,1706.0410000000002,2215.6910000000003,298.717
290,Track_290,290,8,0,0,0,0,0,1.3551509686210421,3.5,4.2,0.132,290,24.839000000000002,8.897,0,0.8059999999999999,1.449,0.321,0.65,0.42,2195.862,3082.1440000000002,1631.705,2298.833,446.415
291,Track_291,291,3,0,0,0,0,0,0.3334828091211022,3.5,3.7,0.064,291,46.113,5.277,0,0.556,0.639,0.474,0.639,0.11699999999999999,2004.638,2381.705,1765.4979999999998,1866.7120000000002,269.809
292,Track_292,292,2,0,0,0,0,0,1.4554697462157877,3.5,3.6,0.03,292,40.542,2.449,0,0.3,0.3,0.3,0.3,,2007.273,2271.7470000000003,1742.799,2271.7470000000003,264.474
293,Track_293,293,5,0,0,0,0,0,1.9979863831286264,3.5,3.9,0.18899999999999997,293,17.378,50.968,0,1.5730000000000002,3.2,0.0,2.155,1.3980000000000001,2046.146,2468.1020000000003,1598.991,1899.882,337.536
294,Track_294,294,6,0,0,0,0,0,1.8155815544401348,3.5,4.0,0.055,294,13.437000000000001,47.238,0,0.45899999999999996,0.9640000000000001,0.085,0.27899999999999997,0.374,2109.1929999999998,2816.552,1658.91,2056.846,357.403
295,Track_295,295,3,0,0,0,0,0,0.47648280018461503,3.6,3.8,0.087,295,4.968,44.451,0,0.44299999999999995,0.591,0.295,0.591,0.209,1647.1470000000002,1710.596,1544.68,1686.1660000000002,73.138
296,Track_296,296,7,0,0,0,0,0,0.9276319902177059,3.6,4.2,0.191,296,8.452,45.56399999999999,0,1.065,1.66,0.27699999999999997,1.2229999999999999,0.501,1951.4360000000001,2263.475,1678.796,1980.546,195.11
297,Track_297,297,2,0,0,0,0,0,0.09453188042883477,3.6,3.7,0.043,297,14.62,39.979,0,0.426,0.426,0.426,0.426,,2446.9429999999998,2718.781,2175.105,2718.781,271.83799999999997
298,Track_298,298,4,0,0,0,0,0,0.7842747758805205,3.6,3.9,0.14400000000000002,298,29.319000000000003,41.033,0,1.061,1.765,0.42700000000000005,0.9890000000000001,0.672,2044.096,2472.033,1755.274,2039.0279999999998,266.71299999999997
299,Track_299,299,6,0,0,0,0,0,0.49741533517516484,3.6,4.1,0.111,299,28.506999999999998,33.45,0,0.401,0.778,0.177,0.27,0.248,2132.63,2401.334,1951.6589999999999,2182.742,164.301
300,Track_300,300,5,0,0,0,0,0,3.1785342654534747,3.6,4.0,0.11199999999999999,300,31.467,16.48,0,0.903,1.6280000000000001,0.278,1.015,0.57,2351.581,2847.382,1816.3270000000002,2535.232,391.892
301,Track_301,301,4,0,0,0,0,0,0.34257541655055934,3.6,3.9,0.125,301,3.408,8.289,0,1.278,1.4669999999999999,1.131,1.235,0.172,2239.484,3347.8379999999997,1685.6660000000002,2000.835,650.366
302,Track_302,302,15,0,0,0,0,0,1.4755019581869928,3.6,5.0,0.21,302,32.777,7.664,0,0.7020000000000001,1.077,0.36700000000000005,0.685,0.215,2637.755,3514.842,1767.395,2576.782,537.3919999999999
303,Track_303,303,6,0,0,0,0,0,0.20384454713364966,3.6,4.1,0.095,303,23.393,1.022,0,0.7240000000000001,1.062,0.5489999999999999,0.595,0.21899999999999997,2372.03,3272.845,1570.5710000000001,2479.149,560.8
304,Track_304,304,2,0,0,0,0,0,0.5272921682026449,3.8,3.9,0.075,304,40.904,5.0969999999999995,0,0.747,0.747,0.747,0.747,,2722.717,3664.697,1780.736,3664.697,941.9810000000001
305,Track_305,305,6,0,0,0,0,0,0.69166729373461,3.7,4.2,0.14300000000000002,305,45.50899999999999,42.523,0,1.705,2.108,1.234,1.7409999999999999,0.406,1770.027,1957.141,1668.875,1744.316,91.921
306,Track_306,306,4,0,0,0,0,0,0.5366053602927179,3.7,4.0,0.021,306,25.238000000000003,45.743,0,1.1,1.54,0.455,1.306,0.5710000000000001,1884.6689999999999,2098.9410000000003,1654.148,1975.1770000000001,167.898
307,Track_307,307,9,0,0,0,0,0,1.1344919548209667,3.7,4.5,0.057999999999999996,307,21.009,39.41,0,0.326,0.7390000000000001,0.03,0.385,0.228,2350.777,2964.699,1767.329,2300.967,335.56300000000005
308,Track_308,308,2,0,0,0,0,0,2.9492532166590624,3.8,3.9,0.085,308,11.652999999999999,38.429,0,0.847,0.847,0.847,0.847,,2251.1639999999998,2591.2039999999997,1911.125,2591.2039999999997,340.04
309,Track_309,309,5,0,0,0,0,0,0.27565335610672026,3.7,4.1,0.040999999999999995,309,42.526,31.09,0,1.1179999999999999,1.236,1.002,1.2209999999999999,0.128,2135.0370000000003,2999.5290000000005,1562.0439999999999,1880.76,520.1759999999999
310,Track_310,310,3,0,0,0,0,0,0.47910393779157884,3.7,3.9,0.022000000000000002,310,29.061999999999998,30.889,0,1.597,1.598,1.597,1.598,0.0008557,2091.544,2328.653,1837.089,2108.891,201.055
311,Track_311,311,13,0,0,0,0,0,0.7018922506787795,3.7,4.9,0.084,311,16.57,27.534000000000002,0,0.835,1.723,0.22,0.7929999999999999,0.48100000000000004,2108.103,2871.889,1543.858,1956.465,420.648
312,Track_312,312,3,0,0,0,0,0,0.020345291487807192,3.7,3.9,0.102,312,9.576,26.517,0,0.745,1.22,0.27,1.22,0.672,2005.715,2220.551,1842.547,1954.047,158.585
313,Track_313,313,9,0,0,0,0,0,1.1019206464182552,3.7,4.5,0.161,313,28.658,24.217,0,0.993,1.79,0.45899999999999996,0.91,0.514,2113.806,2368.389,1551.1879999999999,2260.616,256.066
314,Track_314,314,14,0,0,0,0,0,0.0771135989279668,3.7,5.0,0.032,314,31.169,10.689,0,0.85,1.618,0.08199999999999999,0.846,0.504,2418.1279999999997,3571.4440000000004,1842.69,2468.373,415.39
315,Track_315,315,2,0,0,0,0,0,0.17015292073535138,3.7,3.8,0.149,315,47.573,30.674,0,1.4909999999999999,1.4909999999999999,1.4909999999999999,1.4909999999999999,,1747.025,1951.594,1542.4560000000001,1951.594,204.56900000000002
316,Track_316,316,2,0,0,0,0,0,0.0028615411801564783,3.9,4.0,0.085,316,34.961,42.942,0,0.851,0.851,0.851,0.851,,1753.112,1818.6670000000001,1687.558,1818.6670000000001,65.555
317,Track_317,317,10,0,0,0,0,0,1.6275516084827497,3.9,4.8,0.053,317,14.651,39.931999999999995,0,0.722,1.699,0.28300000000000003,0.517,0.47,2248.135,3278.8540000000003,1595.346,2157.741,525.751
318,Track_318,318,2,0,0,0,0,0,0.14178455295440198,3.9,4.0,0.081,318,16.717,25.601999999999997,0,0.807,0.807,0.807,0.807,,2122.9139999999998,2423.269,1822.559,2423.269,300.355
319,Track_319,319,18,0,0,0,0,0,0.3421419707299616,3.9,5.6,0.12,319,13.046,25.469,0,0.6829999999999999,1.209,0.175,0.605,0.315,2223.647,3198.1859999999997,1540.628,2296.23,465.949
320,Track_320,320,5,0,0,0,0,0,0.21671818387516825,3.9,4.3,0.11800000000000001,320,46.144,5.189,0,1.068,1.868,0.369,1.234,0.64,2105.87,2589.362,1512.412,2146.466,430.56699999999995
321,Track_321,321,8,0,0,0,0,0,0.5130379715277765,3.9,4.6,0.061,321,15.765999999999998,49.183,0,1.005,2.272,0.2,0.8690000000000001,0.73,2469.212,2981.801,1585.719,2639.801,440.72
322,Track_322,322,2,0,0,0,0,0,0.7961220618298772,4.0,4.1,0.152,322,26.085,38.634,0,1.5190000000000001,1.5190000000000001,1.5190000000000001,1.5190000000000001,,1948.711,2061.6820000000002,1835.739,2061.6820000000002,112.97200000000001
323,Track_323,323,3,0,0,0,0,0,0.36372050899339636,4.0,4.2,0.075,323,9.802,17.7,0,0.57,0.779,0.361,0.779,0.29600000000000004,2336.694,2753.789,1881.461,2374.833,357.14599999999996
324,Track_324,324,3,0,0,0,0,0,1.1717659621637035,4.1,4.3,0.071,324,9.708,26.614,0,0.526,0.867,0.185,0.867,0.48200000000000004,1893.058,2057.609,1655.136,1966.43,172.305
325,Track_325,325,2,0,0,0,0,0,0.2207507689883475,4.1,4.2,0.062,325,15.919,28.335,0,0.62,0.62,0.62,0.62,,2144.447,2202.165,2086.729,2202.165,57.718
326,Track_326,326,6,0,0,0,0,0,2.4770601229628113,4.1,4.6,0.109,326,43.86600000000001,12.936,0,0.915,1.5959999999999999,0.159,1.005,0.532,2008.5729999999999,2397.803,1568.29,2172.198,297.83
327,Track_327,327,2,0,0,0,0,0,1.2018480673162135,4.1,4.2,0.087,327,11.853,11.248,0,0.873,0.873,0.873,0.873,,2321.845,2547.294,2096.396,2547.294,225.449
328,Track_328,328,5,0,0,0,0,0,0.15024469943269786,4.1,4.5,0.096,328,3.406,8.346,0,0.8220000000000001,1.341,0.326,0.905,0.42100000000000004,2337.629,2697.0409999999997,1915.3670000000002,2481.499,321.488
329,Track_329,329,4,0,0,0,0,0,2.3509020017789086,4.1,4.4,0.155,329,17.849,8.318999999999999,0,1.146,1.564,0.59,1.286,0.502,2276.075,2831.906,2023.7420000000002,2151.124,324.08
330,Track_330,330,7,0,0,0,0,0,1.7592657151088902,4.1,4.7,0.105,330,29.435,8.877,0,1.756,3.0269999999999997,0.6809999999999999,2.07,1.052,1898.0529999999999,2142.604,1532.725,1887.471,203.623
331,Track_331,331,2,0,0,0,0,0,1.587590239832815,4.1,4.2,0.044000000000000004,331,39.226,41.946999999999996,0,0.442,0.442,0.442,0.442,,1783.4879999999998,2017.0320000000002,1549.945,2017.0320000000002,233.543
332,Track_332,332,2,0,0,0,0,0,0.006583795217928324,4.1,4.2,0.168,332,29.369,40.98,0,1.679,1.679,1.679,1.679,,2106.7329999999997,2257.18,1956.285,2257.18,150.447
333,Track_333,333,4,0,0,0,0,0,0.8371072357455274,4.1,4.4,0.057999999999999996,333,11.745999999999999,38.381,0,0.335,0.528,0.087,0.389,0.225,2227.658,2797.099,1865.172,2256.252,357.75699999999995
334,Track_334,334,2,0,0,0,0,0,0.6437128661179642,4.2,4.3,0.069,334,22.176,47.663000000000004,0,0.691,0.691,0.691,0.691,,2453.6,2576.248,2330.953,2576.248,122.648
335,Track_335,335,5,0,0,0,0,0,0.5074966532855033,4.2,4.6,0.083,335,13.374,47.253,0,0.688,0.84,0.536,0.8290000000000001,0.16899999999999998,2212.55,2780.1620000000003,1599.6789999999999,2211.1020000000003,443.949
336,Track_336,336,4,0,0,0,0,0,0.9974345395742205,4.2,4.5,0.133,336,34.958,42.908,0,0.8240000000000001,1.187,0.61,0.675,0.316,2109.735,2566.155,1940.505,1988.539,264.197
337,Track_337,337,2,0,0,0,0,0,0.3393814611929878,4.2,4.3,0.09,337,25.237,45.703,0,0.9,0.9,0.9,0.9,,2224.509,2524.3360000000002,1924.683,2524.3360000000002,299.827
338,Track_338,338,3,0,0,0,0,0,0.5227101893924582,4.2,4.4,0.017,338,47.668,22.528000000000002,0,0.88,0.94,0.8190000000000001,0.94,0.086,1917.705,2108.955,1636.469,2007.691,203.11599999999999
339,Track_339,339,13,0,0,0,0,0,1.1346743341382086,4.2,5.4,0.024,339,16.738,25.506,0,0.728,1.5019999999999998,0.124,0.8270000000000001,0.41200000000000003,2221.959,2814.792,1546.0179999999998,2261.393,381.686
340,Track_340,340,2,0,0,0,0,0,2.1085918999157602,4.2,4.3,0.08900000000000001,340,0.591,22.396,0,0.89,0.89,0.89,0.89,,2358.514,2990.9790000000003,1726.049,2990.9790000000003,632.465
341,Track_341,341,3,0,0,0,0,0,0.8747689648396796,4.2,4.4,0.19899999999999998,341,5.127000000000001,15.85,0,1.51,1.794,1.226,1.794,0.402,1764.193,1891.455,1695.826,1705.3,90.07
342,Track_342,342,5,0,0,0,0,0,0.3467509743104666,4.2,4.6,0.17600000000000002,342,2.9960000000000004,12.286,0,0.8079999999999999,1.504,0.122,1.389,0.7390000000000001,1812.004,2077.061,1712.7320000000002,1751.568,135.164
343,Track_343,343,2,0,0,0,0,0,0.3668416989087463,4.5,4.6,0.128,343,49.865,46.358999999999995,0,1.276,1.276,1.276,1.276,,1969.692,2159.4210000000003,1779.9620000000002,2159.4210000000003,189.73
344,Track_344,344,5,0,0,0,0,0,0.48136145476250236,4.5,4.9,0.053,344,22.185,47.67,0,0.624,1.258,0.158,0.9009999999999999,0.546,2159.416,2921.92,1821.658,1973.28,402.88199999999995
345,Track_345,345,2,0,0,0,0,0,0.5130983838700255,4.5,4.6,0.027999999999999997,345,39.265,41.925,0,0.276,0.276,0.276,0.276,,2171.041,2535.486,1806.596,2535.486,364.445
346,Track_346,346,3,0,0,0,0,0,0.1511280985073926,4.4,4.6,0.059000000000000004,346,29.363000000000003,40.917,0,0.732,1.0190000000000001,0.445,1.0190000000000001,0.406,2256.688,2540.935,2076.7070000000003,2152.4210000000003,203.356
347,Track_347,347,5,0,0,0,0,0,1.9484899187348899,4.4,4.8,0.09699999999999999,347,8.479,45.542,0,0.54,1.136,0.22,0.423,0.40700000000000003,2090.348,2574.649,1644.8210000000001,1985.749,376.51599999999996
348,Track_348,348,9,0,0,0,0,0,1.3823486069612738,4.4,5.2,0.267,348,1.859,38.031,0,1.099,1.744,0.113,1.347,0.5670000000000001,1866.135,2727.042,1542.4479999999999,1817.9579999999999,345.569
349,Track_349,349,6,0,0,0,0,0,0.4768032665122349,4.3,4.8,0.094,349,28.45,33.404,0,2.233,3.265,0.726,2.568,0.983,1843.7420000000002,2321.873,1551.99,1904.806,268.257
350,Track_350,350,13,0,0,0,0,0,4.2173324094238,4.3,5.5,0.136,350,42.54,31.038,0,1.2590000000000001,3.113,0.218,1.1059999999999999,0.863,1968.586,3128.4,1580.392,1944.481,411.436
351,Track_351,351,4,0,0,0,0,0,0.07211664774711082,4.4,4.7,0.11599999999999999,351,9.777999999999999,17.741,0,0.672,1.046,0.381,0.59,0.34,2288.925,3237.297,1889.894,2051.465,550.521
352,Track_352,352,9,0,0,0,0,0,3.334064453324519,4.4,5.2,0.14800000000000002,352,28.994,12.481,0,0.833,1.719,0.08900000000000001,0.941,0.535,2308.092,3202.078,1553.076,2602.4829999999997,575.1469999999999
353,Track_353,353,7,0,0,0,0,0,1.233691988830915,4.3,4.9,0.069,353,29.928,8.277999999999999,0,0.8440000000000001,1.375,0.222,1.063,0.478,2099.563,2666.04,1574.6779999999999,1980.271,388.718
354,Track_354,354,9,0,0,0,0,0,1.3839664042796023,4.5,5.3,0.136,354,46.163000000000004,5.1770000000000005,0,0.878,1.794,0.115,0.787,0.581,2016.987,2754.448,1595.005,1846.531,375.32300000000004
355,Track_355,355,7,0,0,0,0,0,0.916378048068859,4.3,4.9,0.067,355,23.378,1.0490000000000002,0,0.774,1.465,0.5920000000000001,0.632,0.345,2472.093,3720.7509999999997,1623.899,2291.738,653.914
356,Track_356,356,11,0,0,0,0,0,0.12740076137263537,4.5,5.5,0.159,356,26.49,7.402,0,1.02,1.703,0.447,1.044,0.457,2199.319,2988.6820000000002,1840.395,2079.911,349.61699999999996
357,Track_357,357,2,0,0,0,0,0,0.8143832122273644,4.3,4.4,0.136,357,33.955,39.016999999999996,0,1.358,1.358,1.358,1.358,,1870.289,1970.6670000000001,1769.912,1970.6670000000001,100.37799999999999
358,Track_358,358,2,0,0,0,0,0,0.23216469207802012,4.3,4.4,0.09699999999999999,358,44.815,14.466,0,0.975,0.975,0.975,0.975,,2217.06,2932.014,1502.105,2932.014,714.955
359,Track_359,359,3,0,0,0,0,0,1.0868957686236225,4.3,4.5,0.142,359,25.769000000000002,20.961,0,0.899,0.907,0.8909999999999999,0.907,0.011000000000000001,2105.678,2429.251,1910.4370000000001,1977.3470000000002,230.425
360,Track_360,360,2,0,0,0,0,0,1.1098166078638798,4.4,4.5,0.1,360,0.95,51.1,0,1.0,1.0,1.0,1.0,,1757.717,1949.3120000000001,1566.122,1949.3120000000001,191.595
361,Track_361,361,10,0,0,0,0,0,0.09911231581514506,4.7,5.6,0.086,361,2.209,23.34,0,0.883,1.8219999999999998,0.184,0.797,0.48100000000000004,2023.201,2731.173,1595.486,1958.0439999999999,327.597
362,Track_362,362,2,0,0,0,0,0,2.7347427601663266,4.8,4.9,0.034,362,5.103,15.835999999999999,0,0.342,0.342,0.342,0.342,,1999.766,2282.028,1717.504,2282.028,282.262
363,Track_363,363,6,0,0,0,0,0,1.2845566969872795,4.7,5.2,0.19899999999999998,363,0.619,22.363000000000003,0,1.5190000000000001,1.786,1.0290000000000001,1.598,0.302,2232.902,2662.637,1537.773,2353.964,375.974
364,Track_364,364,7,0,0,0,0,0,0.25412432979543637,4.8,5.4,0.109,364,22.803,17.42,0,0.9129999999999999,1.482,0.276,1.29,0.563,2070.0,2500.353,1650.098,2071.766,284.407
365,Track_365,365,2,0,0,0,0,0,0.6001308377695893,4.8,4.9,0.040999999999999995,365,49.762,15.104000000000001,0,0.40700000000000003,0.40700000000000003,0.40700000000000003,0.40700000000000003,,1891.575,2084.563,1698.586,2084.563,192.989
366,Track_366,366,2,0,0,0,0,0,4.028779964525759,4.8,4.9,0.109,366,43.868,12.97,0,1.092,1.092,1.092,1.092,,1617.82,1688.506,1547.1329999999998,1688.506,70.686
367,Track_367,367,7,0,0,0,0,0,0.15576940968021363,4.6,5.2,0.09699999999999999,367,17.839000000000002,8.321,0,1.204,1.5859999999999999,0.845,1.2830000000000001,0.247,2127.893,3092.804,1583.608,2168.823,486.483
368,Track_368,368,3,0,0,0,0,0,1.1864354009923535,4.7,4.9,0.1,368,0.9,51.1,0,1.5,2.0,1.0,2.0,0.7070000000000001,1694.695,1886.535,1551.25,1646.299,141.092
369,Track_369,369,3,0,0,0,0,0,0.20964494116961196,4.8,5.0,0.08800000000000001,369,15.574000000000002,49.305,0,0.8959999999999999,1.207,0.584,1.207,0.441,1765.505,1851.075,1705.7079999999999,1739.733,62.081
370,Track_370,370,2,0,0,0,0,0,0.47757242485135887,4.8,4.9,0.107,370,29.319000000000003,40.989,0,1.072,1.072,1.072,1.072,,1966.244,1995.388,1937.1,1995.388,29.144000000000002
371,Track_371,371,9,0,0,0,0,0,0.326709518786317,4.7,5.5,0.09699999999999999,371,8.802,42.732,0,0.887,1.7380000000000002,0.149,1.125,0.569,1900.8629999999998,2304.072,1532.7020000000002,1944.4,270.961
372,Track_372,372,3,0,0,0,0,0,2.3252778324055363,4.8,5.0,0.054000000000000006,372,17.271,30.543000000000003,0,1.046,1.109,0.983,1.109,0.08900000000000001,2020.755,2266.283,1788.665,2007.316,195.218
373,Track_373,373,3,0,0,0,0,0,1.3321702941101286,4.8,5.0,0.23,373,47.543,30.787,0,1.149,1.801,0.49700000000000005,1.801,0.922,1757.918,1937.35,1601.1979999999999,1735.207,138.17
374,Track_374,374,3,0,0,0,0,0,0.04371538838973713,4.7,4.9,0.11,374,31.160999999999998,30.83,0,1.3259999999999998,1.551,1.102,1.551,0.318,1935.0339999999999,2133.31,1778.65,1893.142,147.78799999999998
375,Track_375,375,4,0,0,0,0,0,0.008915430799143325,4.8,5.1,0.085,375,9.664,26.546999999999997,0,0.836,1.179,0.35,0.9790000000000001,0.433,2194.554,2789.821,1791.4189999999999,2397.742,422.61800000000005
376,Track_376,376,2,0,0,0,0,0,1.8570815085013779,4.7,4.8,0.08800000000000001,376,41.76,46.282,0,0.878,0.878,0.878,0.878,,1703.2820000000002,1881.168,1525.396,1881.168,177.886
377,Track_377,377,2,0,0,0,0,0,2.087832375484452,5.0,5.1,0.021,377,39.305,41.961999999999996,0,0.20800000000000002,0.20800000000000002,0.20800000000000002,0.20800000000000002,,1698.2939999999999,1868.045,1528.543,1868.045,169.75099999999998
378,Track_378,378,2,0,0,0,0,0,0.22941464191565938,5.0,5.1,0.094,378,13.829,40.876999999999995,0,0.935,0.935,0.935,0.935,,1650.486,1696.388,1604.5839999999998,1696.388,45.902
379,Track_379,379,6,0,0,0,0,0,0.7721087089911297,4.9,5.4,0.3,379,7.33,33.986999999999995,0,1.2329999999999999,2.4530000000000003,0.444,1.061,0.7390000000000001,2180.927,2596.479,1657.474,2315.07,316.895
380,Track_380,380,4,0,0,0,0,0,0.9416369808715422,4.9,5.2,0.083,380,35.291,32.339,0,0.958,1.033,0.8959999999999999,0.9440000000000001,0.069,1711.1370000000002,1836.6270000000002,1559.582,1807.3020000000001,114.976
381,Track_381,381,10,0,0,0,0,0,2.0100694450091035,5.0,5.9,0.037000000000000005,381,28.679000000000002,24.21,0,1.121,1.78,0.267,1.305,0.48,1981.412,2739.365,1514.786,2014.7079999999999,376.98400000000004
382,Track_382,382,6,0,0,0,0,0,0.4139375339494365,4.9,5.4,0.02,382,44.79,14.53,0,1.069,1.6769999999999998,0.63,1.025,0.379,2081.703,2545.893,1537.953,2227.797,383.88300000000004
383,Track_383,383,6,0,0,0,0,0,0.11951381486338393,5.0,5.5,0.131,383,3.0189999999999997,12.27,0,0.8959999999999999,1.251,0.46399999999999997,0.893,0.28800000000000003,2135.0679999999998,3027.329,1636.52,2125.242,462.457
384,Track_384,384,8,0,0,0,0,0,3.724662570270407,5.0,5.7,0.133,384,27.706,11.890999999999998,0,0.705,1.247,0.386,0.735,0.284,2529.46,2873.1090000000004,1851.1729999999998,2632.796,286.62
385,Track_385,385,2,0,0,0,0,0,0.77062159796283,4.6,4.7,0.11900000000000001,385,44.833999999999996,14.424000000000001,0,1.19,1.19,1.19,1.19,,2158.667,2192.663,2124.6710000000003,2192.663,33.996
386,Track_386,386,2,0,0,0,0,0,0.44032243577544705,4.6,4.7,0.207,386,1.093,22.133000000000003,0,2.0669999999999997,2.0669999999999997,2.0669999999999997,2.0669999999999997,,2221.479,2483.659,1959.3,2483.659,262.18
387,Track_387,387,3,0,0,0,0,0,0.32606002191453665,5.1,5.3,0.19699999999999998,387,29.359,40.889,0,0.9840000000000001,1.1159999999999999,0.853,1.1159999999999999,0.18600000000000003,1925.904,2339.71,1589.868,1848.1329999999998,311.022
388,Track_388,388,8,0,0,0,0,0,0.07539561703301786,5.2,5.9,0.134,388,8.435,45.571999999999996,0,1.028,1.848,0.226,1.215,0.617,2036.201,2662.42,1553.135,2019.681,352.586
389,Track_389,389,8,0,0,0,0,0,0.5838215769820504,5.2,5.9,0.107,389,0.695,37.036,0,0.6509999999999999,1.177,0.191,0.53,0.35,2081.286,2647.534,1545.5179999999998,2074.0029999999997,310.073
390,Track_390,390,6,0,0,0,0,0,1.2936311709902213,5.1,5.6,0.043,390,33.949,39.013000000000005,0,0.878,1.06,0.619,0.925,0.163,1861.8829999999998,2052.327,1508.785,1923.86,173.265
391,Track_391,391,5,0,0,0,0,0,0.32591402924729734,5.1,5.5,0.10800000000000001,391,28.511,33.497,0,1.1420000000000001,1.8,0.034,1.796,0.843,1929.362,2321.4410000000003,1533.494,1960.249,287.59
392,Track_392,392,2,0,0,0,0,0,0.1795573041344193,5.2,5.3,0.175,392,7.556,27.579,0,1.7480000000000002,1.7480000000000002,1.7480000000000002,1.7480000000000002,,1793.237,2002.994,1583.48,2002.994,209.757
393,Track_393,393,3,0,0,0,0,0,0.24454346648318126,5.1,5.3,0.129,393,49.75899999999999,15.142999999999999,0,0.6809999999999999,0.888,0.475,0.888,0.292,2374.916,2670.5640000000003,2020.9389999999999,2433.245,268.39599999999996
394,Track_394,394,2,0,0,0,0,0,0.23471896580841825,5.2,5.3,0.27899999999999997,394,18.346,22.355,0,2.7880000000000003,2.7880000000000003,2.7880000000000003,2.7880000000000003,,2262.645,2548.303,1976.986,2548.303,285.659
395,Track_395,395,7,0,0,0,0,0,0.8979707371543052,5.1,5.7,0.179,395,3.4130000000000003,8.332,0,0.753,1.412,0.303,0.985,0.456,2287.16,2765.625,2032.961,2178.155,259.334
396,Track_396,396,9,0,0,0,0,0,1.6168799204937672,5.1,5.9,0.24600000000000002,396,29.936999999999998,8.294,0,1.156,1.774,0.624,1.446,0.49,2376.132,3106.5209999999997,1532.942,2499.433,476.195
397,Track_397,397,8,0,0,0,0,0,0.004468276278109794,5.2,5.9,0.083,397,31.125,10.668,0,0.787,1.4909999999999999,0.133,0.856,0.564,2247.685,3178.2090000000003,1852.859,2061.491,439.35699999999997
398,Track_398,398,3,0,0,0,0,0,0.0751614440608815,5.2,5.4,0.042,398,17.676,5.318,0,0.6990000000000001,0.907,0.491,0.907,0.294,2346.589,3191.0840000000003,1754.1879999999999,2094.496,613.097
399,Track_399,399,8,0,0,0,0,0,0.6511243013201031,5.2,5.9,0.12300000000000001,399,40.685,3.072,0,1.022,1.5330000000000001,0.373,1.054,0.381,2235.317,2915.577,1599.513,2389.563,415.077
400,Track_400,400,3,0,0,0,0,0,2.8715571980872667,5.3,5.5,0.08,400,33.48,18.724,0,1.686,1.835,1.538,1.835,0.21,2034.017,2252.301,1858.855,1990.894,163.49200000000002
401,Track_401,401,7,0,0,0,0,0,1.0690816746667051,5.3,5.9,0.1,401,51.088,8.949,0,0.654,1.015,0.0,1.0,0.508,2234.304,2463.03,1925.068,2287.382,183.00900000000001
402,Track_402,402,4,0,0,0,0,0,0.9279525650136282,5.3,5.6,0.065,402,17.643,42.78,0,1.0290000000000001,1.389,0.46,1.238,0.498,2205.301,2401.159,1887.8010000000002,2277.5370000000003,191.58900000000003
403,Track_403,403,3,0,0,0,0,0,0.24972956891173573,5.3,5.5,0.094,403,17.297,30.586,0,1.194,1.474,0.914,1.474,0.396,1774.549,2009.369,1634.3670000000002,1679.91,167.081
404,Track_404,404,3,0,0,0,0,0,0.12006393718891564,5.4,5.6,0.1,404,16.529,27.516,0,0.9209999999999999,1.4140000000000001,0.42700000000000005,1.4140000000000001,0.698,2110.71,2615.431,1606.6229999999998,2110.077,411.844
405,Track_405,405,2,0,0,0,0,0,1.3250806321821647,5.4,5.5,0.034,405,25.215,27.011,0,0.33799999999999997,0.33799999999999997,0.33799999999999997,0.33799999999999997,,2491.778,2503.1279999999997,2480.428,2503.1279999999997,11.35
406,Track_406,406,6,0,0,0,0,0,1.0119528152976545,5.4,5.9,0.11,406,0.575,22.336,0,0.341,0.7390000000000001,0.083,0.223,0.281,2279.64,2813.475,1689.161,2329.404,353.70599999999996
407,Track_407,407,3,0,0,0,0,0,0.23351332230194713,5.4,5.6,0.114,407,5.086,15.88,0,1.2309999999999999,1.556,0.9059999999999999,1.556,0.46,1863.48,2256.879,1577.49,1756.0729999999999,287.57
408,Track_408,408,6,0,0,0,0,0,0.8291756834261735,5.4,5.9,0.068,408,44.716,9.621,0,0.589,1.17,0.19,0.524,0.397,2036.44,2261.294,1748.396,2004.783,174.67700000000002
409,Track_409,409,3,0,0,0,0,0,1.2329190660456204,5.4,5.6,0.031,409,17.797,8.301,0,0.857,1.01,0.705,1.01,0.21600000000000003,1835.695,2059.095,1597.8239999999998,1850.164,188.59099999999998
410,Track_410,410,5,0,0,0,0,0,0.5479096410153821,5.5,5.9,0.105,410,19.088,1.16,0,0.436,0.785,0.066,0.682,0.35100000000000003,2416.705,3360.667,1772.1989999999998,2093.05,589.023
411,Track_411,411,4,0,0,0,0,0,0.7479753285984204,5.5,5.8,0.077,411,46.167,5.1610000000000005,0,0.46399999999999997,0.9520000000000001,0.094,0.344,0.441,2184.303,2873.7740000000003,1637.754,2322.072,466.866
412,Track_412,412,2,0,0,0,0,0,1.1816102250178195,5.5,5.6,0.048,412,29.813000000000002,39.934,0,0.47700000000000004,0.47700000000000004,0.47700000000000004,0.47700000000000004,,2140.7329999999997,2143.0370000000003,2138.43,2143.0370000000003,2.3040000000000003
413,Track_413,413,3,0,0,0,0,0,0.7515048534845632,5.5,5.7,0.065,413,47.483000000000004,30.723000000000003,0,0.7829999999999999,0.96,0.607,0.96,0.25,1674.7379999999998,1775.245,1509.851,1739.116,117.522
414,Track_414,414,5,0,0,0,0,0,1.274677722181955,5.5,5.9,0.09,414,49.809,15.130999999999998,0,0.636,0.898,0.161,0.787,0.327,2253.0820000000003,2602.889,1957.5729999999999,2212.2110000000002,240.997
415,Track_415,415,5,0,0,0,0,0,0.025812456656129298,5.5,5.9,0.348,415,18.758,22.436999999999998,0,2.138,3.032,1.227,2.562,0.8109999999999999,2069.64,2447.788,1713.3970000000002,2051.447,235.53400000000002
416,Track_416,416,4,0,0,0,0,0,0.14901252936560888,5.6,5.9,0.078,416,1.505,39.746,0,0.774,1.5,0.184,0.637,0.669,1816.108,2060.486,1590.879,1927.56,187.03400000000002
417,Track_417,417,4,0,0,0,0,0,4.350182116327895,5.6,5.9,0.17600000000000002,417,29.384,40.916,0,0.79,1.4,0.46399999999999997,0.507,0.528,2033.671,2245.541,1854.118,2063.401,143.05700000000002
418,Track_418,418,2,0,0,0,0,0,1.545731263472898,5.6,5.7,0.027999999999999997,418,7.482,33.986,0,0.28300000000000003,0.28300000000000003,0.28300000000000003,0.28300000000000003,,1881.115,2260.3520000000003,1501.879,2260.3520000000003,379.236
419,Track_419,419,4,0,0,0,0,0,0.3665311896714372,5.6,5.9,0.175,419,35.258,32.282,0,0.8059999999999999,1.171,0.53,0.715,0.33,2136.515,2528.65,1780.898,2209.605,272.759
420,Track_420,420,4,0,0,0,0,0,0.20688325843573477,5.6,5.9,0.065,420,31.500999999999998,23.224,0,1.023,1.348,0.685,1.035,0.332,2137.53,2409.369,1711.17,2237.393,259.152
421,Track_421,421,4,0,0,0,0,0,0.28421070746845933,5.6,5.9,0.09,421,15.886,16.357,0,0.5870000000000001,1.0170000000000001,0.32899999999999996,0.413,0.375,2204.163,2715.809,1904.731,2215.8720000000003,316.907
422,Track_422,422,3,0,0,0,0,0,0.17633002178513651,5.6,5.8,0.149,422,29.009,12.502,0,0.746,1.258,0.23399999999999999,1.258,0.7240000000000001,1915.3429999999998,2093.15,1651.014,2001.8670000000002,190.588
423,Track_423,423,3,0,0,0,0,0,1.1631864776439722,5.7,5.9,0.095,423,8.769,42.773999999999994,0,0.722,0.743,0.7,0.743,0.031,2009.757,2281.547,1670.0529999999999,2077.67,254.218
424,Track_424,424,2,0,0,0,0,0,0.2067957527879645,5.7,5.8,0.079,424,15.673,49.208999999999996,0,0.79,0.79,0.79,0.79,,1930.31,2102.979,1757.641,2102.979,172.669
425,Track_425,425,3,0,0,0,0,0,2.5776174510486793,5.7,5.9,0.09,425,1.814,38.013000000000005,0,0.6679999999999999,0.6829999999999999,0.653,0.6829999999999999,0.021,1858.175,2156.678,1612.5020000000002,1805.345,225.278
426,Track_426,426,2,0,0,0,0,0,1.526122649053068,5.7,5.8,0.073,426,28.572,33.495,0,0.7340000000000001,0.7340000000000001,0.7340000000000001,0.7340000000000001,,2034.7779999999998,2418.428,1651.1270000000002,2418.428,383.651
427,Track_427,427,3,0,0,0,0,0,0.36295969580926757,5.7,5.9,0.094,427,25.335,27.741999999999997,0,1.999,2.41,1.588,2.41,0.581,2126.661,2906.887,1698.866,1774.23,552.56
428,Track_428,428,3,0,0,0,0,0,0.3341780761029905,5.7,5.9,0.042,428,17.352999999999998,30.561999999999998,0,0.8029999999999999,0.9670000000000001,0.639,0.9670000000000001,0.23199999999999998,2087.029,2515.2670000000003,1618.1470000000002,2127.674,367.37300000000005
429,Track_429,429,3,0,0,0,0,0,1.683485995330739,5.7,5.9,0.133,429,28.403000000000002,29.892,0,1.584,2.246,0.9209999999999999,2.246,0.937,1738.027,2051.805,1534.491,1627.785,225.12
430,Track_430,430,3,0,0,0,0,0,0.5509480423520694,5.7,5.9,0.051,430,22.785,17.338,0,1.18,1.426,0.9329999999999999,1.426,0.349,2698.2990000000004,3145.3940000000002,2015.9379999999999,2933.566,490.191
431,Track_431,431,2,0,0,0,0,0,0.21217629724336567,5.7,5.8,0.161,431,45.791000000000004,15.005999999999998,0,1.6119999999999999,1.6119999999999999,1.6119999999999999,1.6119999999999999,,2298.433,2430.7039999999997,2166.163,2430.7039999999997,132.27100000000002
432,Track_432,432,3,0,0,0,0,0,0.3511072425699341,5.7,5.9,0.08900000000000001,432,44.608000000000004,0.327,0,1.391,1.808,0.9740000000000001,1.808,0.59,1877.757,2317.759,1651.911,1663.602,311.165
433,Track_433,433,2,0,0,0,0,0,1.2538810200121713,5.8,5.9,0.12,433,33.946999999999996,39.042,0,1.202,1.202,1.202,1.202,,1683.1629999999998,1847.213,1519.1129999999998,1847.213,164.05
434,Track_434,434,2,0,0,0,0,0,0.08661122360490996,5.8,5.9,0.071,434,16.584,27.583000000000002,0,0.7070000000000001,0.7070000000000001,0.7070000000000001,0.7070000000000001,,2359.879,2601.455,2118.302,2601.455,241.577
435,Track_435,435,2,0,0,0,0,0,0.0848728066007645,5.8,5.9,0.031,435,2.211,23.311999999999998,0,0.314,0.314,0.314,0.314,,1977.2089999999998,2042.5620000000001,1911.856,2042.5620000000001,65.35300000000001
436,Track_436,436,2,0,0,0,0,0,0.2936821638389753,5.8,5.9,0.049,436,43.528,20.491,0,0.48700000000000004,0.48700000000000004,0.48700000000000004,0.48700000000000004,,2110.064,2308.241,1911.8870000000002,2308.241,198.17700000000002
437,Track_437,437,2,0,0,0,0,0,0.3002430276356975,5.8,5.9,0.035,437,3.1639999999999997,13.350999999999999,0,0.348,0.348,0.348,0.348,,2077.304,2250.199,1904.4089999999999,2250.199,172.895
438,Track_438,438,2,0,0,0,0,0,0.038096728003829565,5.8,5.9,0.073,438,34.656,9.677999999999999,0,0.7290000000000001,0.7290000000000001,0.7290000000000001,0.7290000000000001,,1647.277,1653.8229999999999,1640.7320000000002,1653.8229999999999,6.545
439,Track_439,439,2,0,0,0,0,0,0.9374334875280068,5.8,5.9,0.055,439,8.296,39.397,0,0.546,0.546,0.546,0.546,,1947.6329999999998,2067.757,1827.509,2067.757,120.124
440,Track_440,440,2,0,0,0,0,0,1.7160305155622688,5.1,5.2,0.11800000000000001,440,22.168000000000003,47.652,0,1.1840000000000002,1.1840000000000002,1.1840000000000002,1.1840000000000002,,2195.5679999999998,2266.78,2124.357,2266.78,71.211
